"relative_path","size_bytes","sha256","last_write_time"
"CITATION.cff","1334","4a316065cbfe4bfce22143b8ece5591230a214402dd38fc91368a79cc0ec9c53","2026-06-07 07:42:13"
"data/raw_plants/Araucaria/BYB_Recording_2022-10-14_09.09.29.wav","1270970","ba8b3ab98ce34a1139cd399f39840f59d69f18810d837b0cbce62f281d7d2d67","2026-06-07 07:24:23"
"data/raw_plants/Araucaria/BYB_Recording_2022-10-14_09.09.29-events.txt","78","5410072b5a8ccbde2e2898d8f9758d44964f7096e75c611df1202f7d87c6ca8e","2026-06-07 07:24:23"
"data/raw_plants/Araucaria/BYB_Recording_2022-10-25_11.09.11.wav","544470","039ea9652ab7f773834eca30ac3ef8f5a105d8e0c177b11f612cb6739276007a","2026-06-07 07:24:23"
"data/raw_plants/Araucaria/BYB_Recording_2022-10-25_11.09.11-events.txt","89","bced082d161322efa40a96f0cbd11a74aebbdd74c2e7879898465cc6104ebce7","2026-06-07 07:24:23"
"data/raw_plants/Araucaria/BYB_Recording_2022-10-25_11.18.57.wav","508104","c3e749cec3bb43eebaee8a50efa7bef5b94acf1d501d09943a4168973e16d303","2026-06-07 07:24:23"
"data/raw_plants/Araucaria/BYB_Recording_2022-10-25_11.18.57-events.txt","89","6953edfbec45e5003dcaf1fecc9f4a62ef272605513de1e500df0c30c7b44d4d","2026-06-07 07:24:23"
"data/raw_plants/Araucaria/BYB_Recording_2022-10-25_11.21.08.wav","575584","925f94cffe7ae3611d97d4cf5140959ea7266e4f05e5410aca8e1f748265ec39","2026-06-07 07:24:23"
"data/raw_plants/Araucaria/BYB_Recording_2022-10-25_11.21.08-events.txt","90","f300c42c50092fac22b7fd4876e604254d62563d62cea2ef5cdef28831a47e1a","2026-06-07 07:24:23"
"data/raw_plants/Araucaria/BYB_Recording_2022-10-25_11.27.44.wav","921336","165a3cb2eb8e96b5d2990a1846deeae2cd4b3463155bfebad7dfc2203677b031","2026-06-07 07:24:24"
"data/raw_plants/Araucaria/BYB_Recording_2022-10-25_11.27.44-events.txt","89","ab768a32cb6a6fa158fec61fff160b361c33858863f764d4f92d4f5e8079ca7a","2026-06-07 07:24:23"
"data/raw_plants/Araucaria/BYB_Recording_2022-12-02_15.33.14.wav","594236","20bb2c5ee8ed85038676aa027085db8124cbc486c7e268634b0af9883195e446","2026-06-07 07:24:24"
"data/raw_plants/Araucaria/BYB_Recording_2022-12-02_15.33.14-events.txt","89","716d279156ad7ffd165b048df336a76d99793923b08a5fc9bbdff905acb38f4a","2026-06-07 07:24:24"
"data/raw_plants/Araucaria/BYB_Recording_2022-12-02_15.34.31.wav","468404","e1223d5e3d7335a395ed28753295c9d053e605b62c908e8b0d8f373e0d79c12d","2026-06-07 07:24:24"
"data/raw_plants/Araucaria/BYB_Recording_2022-12-02_15.34.31-events.txt","88","707a40881cc9223f91eea6d0458d72afb0ea93539d85ffb432c38b2c65c2e49f","2026-06-07 07:24:24"
"data/raw_plants/Araucaria/BYB_Recording_2022-12-02_15.36.33.wav","658670","a4187a60b2f66fd013a77e1458d82b857dd99d7b76e84bb4221f5d37475687ee","2026-06-07 07:24:24"
"data/raw_plants/Araucaria/BYB_Recording_2022-12-02_15.36.33-events.txt","90","201ce4c9405049101707e0eea3c8d9945ec218e9029c36c141e1b360706f31ae","2026-06-07 07:24:24"
"data/raw_plants/Capsicum/Chile Serbia/Chile Plant 1 -burn/BYB_Recording_2023-07-18_09.15.53.wav","625170","0dae17745963129438d003642d0cbb3bf093f5a1c5f1dd69386f10d713f0ef65","2026-06-07 07:24:24"
"data/raw_plants/Capsicum/Chile Serbia/Chile Plant 1 -burn/BYB_Recording_2023-07-18_09.15.53-events.txt","88","3a7b0b43cc25509ead034ff02f7ef96279f6600ed1a364921a9970efca672c3d","2026-06-07 07:24:24"
"data/raw_plants/Capsicum/Chile Serbia/Chile Plant 1 -burn/BYB_Recording_2023-07-18_09.19.10.wav","1243644","6f95d3db1000beffa51c3983c35520972d10a1a00e2dd70d6d0585616f8e2510","2026-06-07 07:24:24"
"data/raw_plants/Capsicum/Chile Serbia/Chile Plant 1 -burn/BYB_Recording_2023-07-18_09.19.10-events.txt","113","bc7923df8bcfe446f0c1cdede35ff1f2d2652d4032b490d9c10b4cbbf5850939","2026-06-07 07:24:24"
"data/raw_plants/Capsicum/Chile Serbia/Chile Plant 1 -burn/BYB_Recording_2023-07-18_09.22.56.wav","1037910","14f535e598105a01c6b414bd60fcbe2dc2a3ad42e59eb8b7f83f84fbf10ead5e","2026-06-07 07:24:24"
"data/raw_plants/Capsicum/Chile Serbia/Chile Plant 1 -burn/BYB_Recording_2023-07-18_09.22.56-events.txt","90","b1a6eefb77a7b87788f4f38c284e2dd11234e73cad495cb5540d5594b39021cf","2026-06-07 07:24:24"
"data/raw_plants/Capsicum/Chile Serbia/Chile Plant 1 -burn/BYB_Recording_2023-07-18_09.26.04.wav","688832","66c3c3b8fcc880e5bf415545edf616fd8f986eb3ef8c472e85317a856eae0301","2026-06-07 07:24:24"
"data/raw_plants/Capsicum/Chile Serbia/Chile Plant 1 -burn/BYB_Recording_2023-07-18_09.26.04-events.txt","89","55b8264605022b357e11101aad4c8c807af41e12ac89cab63765abcfd5cf4baa","2026-06-07 07:24:24"
"data/raw_plants/Capsicum/Isny Capsicum frutescens Stimulus Cut BYB_Recording_2021-10-09_15.30.10.wav","1682218","4bb6bb2a09d3d25e5edc2297c24a57a8b1b03fea3c00e521ecc14f163f545703","2026-06-07 07:24:24"
"data/raw_plants/Capsicum/Isny Capsicum frutescens Stimulus Cut BYB_Recording_2021-10-09_15.30.10-events.txt","114","b8ca6ab482f1f8171315e0d68ddd145ea232101c2c9e113b6a5e6ff3678f4131","2026-06-07 07:24:24"
"data/raw_plants/Capsicum/Isny Capsicum frutescens Stimulus Cut BYB_Recording_2021-10-09_15.39.14.wav","2189024","a7d35ec3a8d36dc6f88404dd6489667683490b0edf8bd560645a72dd4e0d5515","2026-06-07 07:24:24"
"data/raw_plants/Capsicum/Isny Capsicum frutescens Stimulus Cut BYB_Recording_2021-10-09_15.39.14-events.txt","114","946ee6668d70a1c09d000397bc9c400fc1f7c754e168ff9d4e2cb8b61903c9a9","2026-06-07 07:24:24"
"data/raw_plants/Capsicum/signal-2022-09-07-150046.mp4","3445947","f0b52a59a88712718d7f19ff295a736492d57780b1e5aa63e1db2675f59e2a54","2026-06-07 07:24:24"
"data/raw_plants/Cyperus/BYB_Recording_2022-11-02_09.35.04.wav","1224016","3258bf8fb3f35457db179304e879a5eb9f44e1070867f11ef2528950ac6c0214","2026-06-07 07:24:24"
"data/raw_plants/Cyperus/BYB_Recording_2022-11-02_09.35.04-events.txt","90","ad88de57f64f58e5ec20b05dfd3303698ebdb7b10d8eb159b757bc2be7ae35ff","2026-06-07 07:24:24"
"data/raw_plants/Cyperus/BYB_Recording_2022-11-02_09.40.28.wav","1161670","909ffda1be8899115104fe410d3c956b9f51417535d519a2bddd79343b4811ff","2026-06-07 07:24:24"
"data/raw_plants/Cyperus/BYB_Recording_2022-11-02_09.40.28-events.txt","89","ed9168c074b5b0b3c3e376feb9ea96f3576f88db174700e83cbed4ca2c145ade","2026-06-07 07:24:24"
"data/raw_plants/Cyperus/BYB_Recording_2022-12-02_15.05.19.wav","430266","a59037a7ecbb95a1c0bd3e354dc387f4c917d77b4d93c418b00526ae9f98e7cb","2026-06-07 07:24:24"
"data/raw_plants/Cyperus/BYB_Recording_2022-12-02_15.05.19-events.txt","88","adfa1c8e1501298fa7b5924d3361fb838c139272bfdecd3b828e0196332ea799","2026-06-07 07:24:24"
"data/raw_plants/Cyperus/BYB_Recording_2022-12-02_15.15.26.wav","396332","bb73bef479755d13e42dfa32309bd7e1da27415e525125d39cbf2ff6fb0f81b9","2026-06-07 07:24:24"
"data/raw_plants/Cyperus/BYB_Recording_2022-12-02_15.15.26-events.txt","88","6791fdfb3a523e5ca3b27902c15111fea9926a177aac1ac7e52bda87fc04e97e","2026-06-07 07:24:24"
"data/raw_plants/Cyperus/ground branch/BYB_Recording_2022-12-02_15.19.38.wav","567238","50805ad739b63cb842896f041d9444639c7d457b96e0640c9dfdcbd88108c2ff","2026-06-07 07:24:24"
"data/raw_plants/Cyperus/ground branch/BYB_Recording_2022-12-02_15.19.38-events.txt","88","c199bb87bad8361f84c0b09988426289d273a8dc16f2a25defb152daa1001b35","2026-06-07 07:24:24"
"data/raw_plants/Cyperus/ground branch/BYB_Recording_2022-12-02_15.21.51.wav","459454","dd4f31ddcb4df1a59363ac9ed9181da24290e11c1093876984fce6f8ba995c52","2026-06-07 07:24:24"
"data/raw_plants/Cyperus/ground branch/BYB_Recording_2022-12-02_15.21.51-events.txt","88","5c8b145dd3e52ffe1afa1e0c092712ae0e30a7e6ac89312a0ee014a13c46f535","2026-06-07 07:24:24"
"data/raw_plants/Cyperus/ground branch/BYB_Recording_2022-12-02_15.22.42.wav","450430","54aa995fde4b2b9d7f8e2b7bf7cb6572dba5ae8b125cd27a059aeb68d2dcbcc3","2026-06-07 07:24:24"
"data/raw_plants/Cyperus/ground branch/BYB_Recording_2022-12-02_15.22.42-events.txt","88","579b4749a708b8e380b1ecfc25b188a7148e84a2d66786eb0d666dfee3f70d56","2026-06-07 07:24:24"
"data/raw_plants/Cyperus/ground branch/BYB_Recording_2022-12-02_15.24.22.wav","372932","428c5605d923b6a81dc8af1b4b99dcf5512f3501991e66a6199d621b5efed384","2026-06-07 07:24:24"
"data/raw_plants/Cyperus/ground branch/BYB_Recording_2022-12-02_15.24.22-events.txt","88","39da7e57b130f8a5205a5fa1b6c93904db45e3705d34cc99c97a8afa270618a8","2026-06-07 07:24:24"
"data/raw_plants/Cyperus/ground stem/BYB_Recording_2022-12-02_15.28.15.wav","964288","8cede397404e9a78569e64c662529fd1c099c30a351db30f0cbbe86d86a3ba3a","2026-06-07 07:24:24"
"data/raw_plants/Cyperus/ground stem/BYB_Recording_2022-12-02_15.28.15-events.txt","78","d77839d4c15ba370563505d33a0985d8432906a3890785fa8a6e7ecc838ab3e9","2026-06-07 07:24:24"
"data/raw_plants/Cyperus/ground stem/BYB_Recording_2022-12-02_15.29.20.wav","958304","a138631c5e26a289f4e94abe6deab84b8c5e2fb6bb9b157c5ff573d686d2db35","2026-06-07 07:24:24"
"data/raw_plants/Cyperus/ground stem/BYB_Recording_2022-12-02_15.29.20-events.txt","78","2213767662a9280c21dcb83bccc12bc8a094de60245fde51f759ad232d09a484","2026-06-07 07:24:24"
"data/raw_plants/Daucus/Isny Daucus carota Stimulus_1 Fire Stimulus_2 Cut BYB_Recording_2021-10-09_15.25.52.wav","782220","fab57514a3511ea5993b2b0088a169766ad49f64b1cd903169938cacf3fa95c1","2026-06-07 07:24:24"
"data/raw_plants/Daucus/Isny Daucus carota Stimulus_1 Fire Stimulus_2 Cut BYB_Recording_2021-10-09_15.25.52-events.txt","77","89cd828790fd88111e5c5bccb71215e25cb2e882109b823d928d837b945b4cdf","2026-06-07 07:24:24"
"data/raw_plants/Dionaea/Venus - Colegio/09.12.22 notes.docx","6233","f03be744ee9123d6a42e817603bac5d04621c324b56d1fc1233a88e258610b7b","2026-06-07 07:24:24"
"data/raw_plants/Dionaea/Venus - Colegio/BYB_Recording_2022-12-09_12.38.45.wav","17075140","01660ed72cbeaae4180e6ee437623451fd211abbe9d045ad89297207d93db897","2026-06-07 07:24:24"
"data/raw_plants/Dionaea/Venus - Colegio/BYB_Recording_2022-12-09_12.38.45-events.txt","170","c34e4aea84313536c4083badfc1c6c53cf6108649a351a4f3ae86d2f7ca55bc0","2026-06-07 07:24:24"
"data/raw_plants/Dionaea/Venus - Colegio/BYB_Recording_2022-12-09_13.03.55.wav","7669066","7b145da28df96fdc58be7fe8c76bb315f397c0ed649e516456ecb28947a522e2","2026-06-07 07:24:24"
"data/raw_plants/Dionaea/Venus - Colegio/BYB_Recording_2022-12-09_13.03.55-events.txt","145","0a30acb3da2be73055e0308bc314005ef497cd450c156c9b264c7c264a098219","2026-06-07 07:24:24"
"data/raw_plants/Dionaea/Venus - Danae/trap 1/BYB_Recording_2023-01-12_18.14.16.wav","395460","251202c0d18947af40c68332cb70ce9a380072d47ba9cdc2d66147478d817860","2026-06-07 07:24:24"
"data/raw_plants/Dionaea/Venus - Danae/trap 1/BYB_Recording_2023-01-12_18.14.16-events.txt","77","8bc3d3243113b8d47b44414898783e5e86c0c6af04f8e3be4a075f7683d69107","2026-06-07 07:24:24"
"data/raw_plants/Dionaea/Venus - Danae/trap 1/BYB_Recording_2023-01-19_14.47.15.wav","767476","3cbfb3f130aa0ab3c7138e51514ca1e7dacfd10f3bc3ec93c61e7deb0b0216d4","2026-06-07 07:24:24"
"data/raw_plants/Dionaea/Venus - Danae/trap 1/BYB_Recording_2023-01-19_14.47.15-events.txt","77","6d1fdb264a035660bf0f041fc58b71e1fcbac24771098e0e61ef27f44e564b53","2026-06-07 07:24:24"
"data/raw_plants/Dionaea/Venus - Danae/trap 1/BYB_Recording_2023-02-06_21.28.51.wav","876990","3ed3bd06b2a8a4bb14980a555a3a3c11c7da11e300cdc8be8d48d2ecfcf61f7a","2026-06-07 07:24:24"
"data/raw_plants/Dionaea/Venus - Danae/trap 1/BYB_Recording_2023-02-06_21.28.51-events.txt","90","c25c86ef4bd283667658c8bee3126630d4e2ea4009f8a07f13201c0881d5c512","2026-06-07 07:24:24"
"data/raw_plants/Dionaea/Venus - Danae/trap 1/BYB_Recording_2023-02-06_21.34.25.wav","803808","d03ce51502d67f4f5c48d86cfcfdccb0650155e27682bb8f5ecd1d9db23135b5","2026-06-07 07:24:24"
"data/raw_plants/Dionaea/Venus - Danae/trap 1/BYB_Recording_2023-02-06_21.34.25-events.txt","77","8ce51e2fccd82464df11014086e281fd549a2edf11cb916e9cf785b99908ae50","2026-06-07 07:24:24"
"data/raw_plants/Dionaea/Venus - Danae/trap 2/BYB_Recording_2023-01-12_18.18.23.wav","526224","10c917421f7abd98fdd864d7b3352f9c7da497c81bfaa644562a68fb0ef3a709","2026-06-07 07:24:24"
"data/raw_plants/Dionaea/Venus - Danae/trap 2/BYB_Recording_2023-01-12_18.18.23-events.txt","77","f79254a04a82eaa0f2ec4a4bed43aff305c7b882ac67935fc514f7c21ab32b5a","2026-06-07 07:24:24"
"data/raw_plants/Dionaea/Venus - Danae/trap 2/BYB_Recording_2023-01-19_14.51.16.wav","701852","6a379f10a399d2eff63a077043eb970a08bd47592f62291f3ce81fee1dee2a14","2026-06-07 07:24:24"
"data/raw_plants/Dionaea/Venus - Danae/trap 2/BYB_Recording_2023-01-19_14.51.16-events.txt","77","4feed493fa7f8e7494b4c8504937cd286d12c737a9d18ff3f092fcb8538dc57d","2026-06-07 07:24:24"
"data/raw_plants/Dionaea/Venus - Danae/trap 3/BYB_Recording_2023-01-19_14.57.02.wav","649916","cbb909b42b21c55ceea078e6672d0de7b7268265ccbeea1e0e39414b844bb31e","2026-06-07 07:24:24"
"data/raw_plants/Dionaea/Venus - Danae/trap 3/BYB_Recording_2023-01-19_14.57.02-events.txt","77","4e9b64c7fad064337e3e56256f378ff742373b2ded47bca7d9312c0037008dfe","2026-06-07 07:24:24"
"data/raw_plants/Dionaea/Venus - Danae/trap 4/BYB_Recording_2023-01-19_14.59.35.wav","843230","2a66ca16544e3821ed96f4555fb8254fe0bcc66f90697a9c763a82ccf57de025","2026-06-07 07:24:24"
"data/raw_plants/Dionaea/Venus - Danae/trap 4/BYB_Recording_2023-01-19_14.59.35-events.txt","90","9acea75c6da3b7f3385f08b174588a5665c2a285e00a8b8aaf25cb760e828224","2026-06-07 07:24:24"
"data/raw_plants/Dionaea/Venus - Danae/trap 5/BYB_Recording_2023-01-19_15.05.01.wav","797404","d4a1ba16722171999a2c23f4ab5075778916af2ca0a5d9c2abf7588ec1503b4a","2026-06-07 07:24:24"
"data/raw_plants/Dionaea/Venus - Danae/trap 5/BYB_Recording_2023-01-19_15.05.01-events.txt","77","15ba2d2056e3c9b6a2fd544f4a357913c9c8c89aa530f1ed0c4a500e64285b89","2026-06-07 07:24:24"
"data/raw_plants/Dionaea/Venus - ET/Trap 1/BYB_Recording_2022-10-28_12_54_38.wav","659456","10232d86a6c07b3c94be72dc7459ded159fb7d4bd4fdb2110ff9f320b1b32ce7","2026-06-07 07:24:24"
"data/raw_plants/Dionaea/Venus - ET/Trap 10/BYB_Recording_2022-11-03_19_23_25.wav","2587648","4bb214f00d160648df6d6c98943ef060aeea730f68c52ec457bebd3aa799c6ea","2026-06-07 07:24:24"
"data/raw_plants/Dionaea/Venus - ET/Trap 10/BYB_Recording_2022-11-03_20_13_58(1).wav","1917440","bbeab70fc030ea2b986926e709c79306caf62d609751b76f87a10b6469fa6e88","2026-06-07 07:24:24"
"data/raw_plants/Dionaea/Venus - ET/Trap 10/BYB_Recording_2022-11-03_20_13_58(2).wav","1917440","bbeab70fc030ea2b986926e709c79306caf62d609751b76f87a10b6469fa6e88","2026-06-07 07:24:24"
"data/raw_plants/Dionaea/Venus - ET/Trap 10/BYB_Recording_2022-11-03_20_13_58.wav","1917440","bbeab70fc030ea2b986926e709c79306caf62d609751b76f87a10b6469fa6e88","2026-06-07 07:24:24"
"data/raw_plants/Dionaea/Venus - ET/Trap 10/BYB_Recording_2022-11-03_22_02_49.wav","3006976","71158327c4f1ea01017ad721e7600eb2e7ead45952d2a97009f9afef9a23a0e2","2026-06-07 07:24:24"
"data/raw_plants/Dionaea/Venus - ET/Trap 11/BYB_Recording_2022-11-04_10_34_59.wav","1964032","85954ef86d759683d5d1f6069b7a826877e5d08d01b50e03cbd41246e8a31de9","2026-06-07 07:24:24"
"data/raw_plants/Dionaea/Venus - ET/Trap 11/BYB_Recording_2022-11-04_11_01_16.wav","2186240","b28342b859c5cde1568458b7875d8de1aac6138ea4982b6e4e1cf7ab8cae75db","2026-06-07 07:24:24"
"data/raw_plants/Dionaea/Venus - ET/Trap 11/BYB_Recording_2022-11-04_11_13_09.wav","1831424","00f13d5841eca811b44cb3ef34cf38955f12e024896af529421e9ac9a0233512","2026-06-07 07:24:24"
"data/raw_plants/Dionaea/Venus - ET/Trap 11/BYB_Recording_2022-11-04_11_29_34.wav","2225664","2dde6596c458084303c993a69d25ce21ea50819a68bb28cb1409d85c4ae0f414","2026-06-07 07:24:24"
"data/raw_plants/Dionaea/Venus - ET/Trap 11/BYB_Recording_2022-11-04_11_42_46.wav","1835008","b5f435403390f316960387868a96b9dc888c094504d4bc0546e7793ee3437ee7","2026-06-07 07:24:24"
"data/raw_plants/Dionaea/Venus - ET/Trap 11/BYB_Recording_2022-11-04_12_08_11.wav","1913856","0682d37c8cef27d3f7ae5d1175a32474f6b82f9f5a0b104eef4dec9666ca7a53","2026-06-07 07:24:24"
"data/raw_plants/Dionaea/Venus - ET/Trap 11/BYB_Recording_2022-11-04_12_18_32.wav","2186240","6ede077c71b0da5928171eb58d9d5214731d21e723388a418fd550faed295bcb","2026-06-07 07:24:24"
"data/raw_plants/Dionaea/Venus - ET/Trap 11/BYB_Recording_2022-11-04_12_33_13.wav","1870848","3f7b409a3f990401bf61d4653c56ebe12c0c4c433e4db61ce322dd7ce93ea676","2026-06-07 07:24:24"
"data/raw_plants/Dionaea/Venus - ET/Trap 12/BYB_Recording_2022-11-13_13_21_15.wav","1835008","bcff7577fdc90bc47b761094570db0e51c0f0a3ff9aed41b8597ed8bd7941922","2026-06-07 07:24:24"
"data/raw_plants/Dionaea/Venus - ET/Trap 12/BYB_Recording_2022-11-13_13_56_44.wav","2734592","895b308af057612f9a6201256c86c40e7edc6f73ce9b72d215ef8f3ff1e02028","2026-06-07 07:24:24"
"data/raw_plants/Dionaea/Venus - ET/Trap 12/BYB_Recording_2022-11-13_14_21_37.wav","1189888","6050cec1de6ac860988900e84ff68cbf3377513b700117f4d84afe37bf92d765","2026-06-07 07:24:24"
"data/raw_plants/Dionaea/Venus - ET/Trap 12/BYB_Recording_2022-11-13_14_30_53.wav","3472896","435c960daafe16efe7cf05f7b05cf082094ee6c4365659d11f32ead031417872","2026-06-07 07:24:24"
"data/raw_plants/Dionaea/Venus - ET/Trap 12/BYB_Recording_2022-11-13_14_46_07.wav","4669952","f248c082361ac439acefeb2afc3658d67bce5fbbfd6ccd22b35d793008d780f9","2026-06-07 07:24:24"
"data/raw_plants/Dionaea/Venus - ET/Trap 2 closing/BYB_Recording_2022-10-28_12_54_49.wav","2275840","69332f76d236f1470a4a7f07f5dc0612617809d510e7b50f01635ed19ea78e40","2026-06-07 07:24:24"
"data/raw_plants/Dionaea/Venus - ET/Trap 2 closing/BYB_Recording_2022-10-28_12_55_29.wav","2021376","fcd851572e262f319764b06fc2d9fc4fb46b983525fe48cce8357364f587be09","2026-06-07 07:24:24"
"data/raw_plants/Dionaea/Venus - ET/Trap 3 closing/BYB_Recording_2022-10-28_12_57_49.wav","1842176","ed5f050c2b2df04dcfdf939676d1cf639472223ba4bee293acb9cda86fb75a58","2026-06-07 07:24:24"
"data/raw_plants/Dionaea/Venus - ET/Trap 3 closing/BYB_Recording_2022-10-28_13_03_39.wav","1867264","587b6f7d4b27d2c80eced7dbf26017e05326fda293b8784d17c6840bb6680e4b","2026-06-07 07:24:24"
"data/raw_plants/Dionaea/Venus - ET/Trap 4 too young/BYB_Recording_2022-10-28_13_09_01.wav","5347328","3d52c2ff5114dc1fe06c2b622da8e25587c709788ade5a815fd66e8ffe628bfd","2026-06-07 07:24:24"
"data/raw_plants/Dionaea/Venus - ET/Trap 5 too young/BYB_Recording_2022-10-28_13_10_40.wav","4472832","6df8dfea3f4bff2ad6f9b5a52d91bac401f4ecf3c946aed049cb44a7fbf934c4","2026-06-07 07:24:24"
"data/raw_plants/Dionaea/Venus - ET/Trap 6 one timer/BYB_Recording_2022-10-28_13_14_31.wav","3490816","c63a5674933521f8259740ec9f1881946c25bd71e0a0cc0d0eb84f61933423d6","2026-06-07 07:24:24"
"data/raw_plants/Dionaea/Venus - ET/Trap 6 one timer/BYB_Recording_2022-10-28_13_18_45.wav","3039232","b42dcb2da97790402c74576a1ecbfd35aedd2f284e3580fc45f36645a4325556","2026-06-07 07:24:24"
"data/raw_plants/Dionaea/Venus - ET/Trap 7 long term/Contra left/BYB_Recording_2022-11-09_13_10_45.wav","2652160","963c3db84dac2024c092a09e36c7c58091a749c1c577835a7b43159ed7766eb3","2026-06-07 07:24:24"
"data/raw_plants/Dionaea/Venus - ET/Trap 7 long term/Contra middle/BYB_Recording_2022-11-03_22_02_49.wav","3006976","71158327c4f1ea01017ad721e7600eb2e7ead45952d2a97009f9afef9a23a0e2","2026-06-07 07:24:24"
"data/raw_plants/Dionaea/Venus - ET/Trap 7 long term/Contra middle/BYB_Recording_2022-11-09_12_42_25.wav","2257920","3a7311df0cd6027d91db651b8116f8ef455a0f1ac4e408074e094c49b6fb7625","2026-06-07 07:24:24"
"data/raw_plants/Dionaea/Venus - ET/Trap 7 long term/Contra right/BYB_Recording_2022-11-09_13_01_57.wav","2222080","fad72b78500a9241c1f798623f4f4ce626a99741e85ab86456e9defde505fe0c","2026-06-07 07:24:24"
"data/raw_plants/Dionaea/Venus - ET/Trap 7 long term/Ipsi left/BYB_Recording_2022-11-04_10_34_59.wav","1964032","85954ef86d759683d5d1f6069b7a826877e5d08d01b50e03cbd41246e8a31de9","2026-06-07 07:24:24"
"data/raw_plants/Dionaea/Venus - ET/Trap 7 long term/Ipsi left/BYB_Recording_2022-11-04_11_01_16.wav","2186240","b28342b859c5cde1568458b7875d8de1aac6138ea4982b6e4e1cf7ab8cae75db","2026-06-07 07:24:24"
"data/raw_plants/Dionaea/Venus - ET/Trap 7 long term/Ipsi left/BYB_Recording_2022-11-04_11_13_09.wav","1831424","00f13d5841eca811b44cb3ef34cf38955f12e024896af529421e9ac9a0233512","2026-06-07 07:24:24"
"data/raw_plants/Dionaea/Venus - ET/Trap 7 long term/Ipsi left/BYB_Recording_2022-11-04_11_29_34.wav","2225664","2dde6596c458084303c993a69d25ce21ea50819a68bb28cb1409d85c4ae0f414","2026-06-07 07:24:24"
"data/raw_plants/Dionaea/Venus - ET/Trap 7 long term/Ipsi left/BYB_Recording_2022-11-04_11_42_46.wav","1835008","b5f435403390f316960387868a96b9dc888c094504d4bc0546e7793ee3437ee7","2026-06-07 07:24:24"
"data/raw_plants/Dionaea/Venus - ET/Trap 7 long term/Ipsi left/BYB_Recording_2022-11-04_12_08_11.wav","1913856","0682d37c8cef27d3f7ae5d1175a32474f6b82f9f5a0b104eef4dec9666ca7a53","2026-06-07 07:24:24"
"data/raw_plants/Dionaea/Venus - ET/Trap 7 long term/Ipsi left/BYB_Recording_2022-11-04_12_18_32.wav","2186240","6ede077c71b0da5928171eb58d9d5214731d21e723388a418fd550faed295bcb","2026-06-07 07:24:24"
"data/raw_plants/Dionaea/Venus - ET/Trap 7 long term/Ipsi left/BYB_Recording_2022-11-04_12_33_13.wav","1870848","3f7b409a3f990401bf61d4653c56ebe12c0c4c433e4db61ce322dd7ce93ea676","2026-06-07 07:24:24"
"data/raw_plants/Dionaea/Venus - ET/Trap 7 long term/Ipsi middle/BYB_Recording_2022-11-03_18_43_08.wav","1849344","cd9294fafc2d9f5b905eacbe1d6c772190d9b3f7b7e8df15c9f7b05a0c46f223","2026-06-07 07:24:24"
"data/raw_plants/Dionaea/Venus - ET/Trap 7 long term/Ipsi middle/BYB_Recording_2022-11-03_19_23_25.wav","2587648","4bb214f00d160648df6d6c98943ef060aeea730f68c52ec457bebd3aa799c6ea","2026-06-07 07:24:24"
"data/raw_plants/Dionaea/Venus - ET/Trap 7 long term/Ipsi middle/BYB_Recording_2022-11-03_20_13_58.wav","1917440","bbeab70fc030ea2b986926e709c79306caf62d609751b76f87a10b6469fa6e88","2026-06-07 07:24:24"
"data/raw_plants/Dionaea/Venus - ET/Trap 7 long term/Ipsi right/BYB_Recording_2022-10-28_13_22_56.wav","2727424","c65d125f45f4438a798737baf8ba96c69b85a2fa740b47ffa95b78fcdf709319","2026-06-07 07:24:24"
"data/raw_plants/Dionaea/Venus - ET/Trap 7 long term/Ipsi right/BYB_Recording_2022-10-28_13_38_14.wav","2709504","57822fe27ca0fdae0119dc3a5854dbaba7de900ddc2319660400806ffee1defb","2026-06-07 07:24:24"
"data/raw_plants/Dionaea/Venus - ET/Trap 7 long term/Ipsi right/BYB_Recording_2022-10-28_14_28_56.wav","2716672","04b64a5d72186176efc7894fe4c6e44d2f961741c69e50d00aac230b49ea4857","2026-06-07 07:24:24"
"data/raw_plants/Dionaea/Venus - ET/Trap 7 long term/Ipsi right/BYB_Recording_2022-10-28_14_41_46.wav","2720256","bf320f1fff05d5835f0e3f0eeb1bad8b64eed0312f369647fa6ea963425c84ea","2026-06-07 07:24:24"
"data/raw_plants/Dionaea/Venus - ET/Trap 7 long term/Ipsi right/BYB_Recording_2022-10-28_15_29_17.wav","2702336","cfd086179fa15d5b404de0aa5466aa8706983154b77c81949a4ca3c11c53d801","2026-06-07 07:24:25"
"data/raw_plants/Dionaea/Venus - ET/Trap 7 long term/Ipsi right/BYB_Recording_2022-10-28_15_58_13.wav","2709504","5eb4bdfc2695c7842282121c3333779a645a66e105058c5edc39f0d168cf08f4","2026-06-07 07:24:25"
"data/raw_plants/Dionaea/Venus - ET/Trap 8/BYB_Recording_2022-10-31_13_03_12.wav","1938944","fd9fabed84bba7793e6e7fa680410b1778159298d1dafb0531dd914f6616ee4f","2026-06-07 07:24:25"
"data/raw_plants/Dionaea/Venus - ET/Trap 8/BYB_Recording_2022-10-31_13_25_18.wav","2530304","05878a321e008eedae021143fb5e087736b33a06aceb4b0916c64565d78a50b0","2026-06-07 07:24:25"
"data/raw_plants/Dionaea/Venus - ET/Trap 8/BYB_Recording_2022-10-31_13_52_37.wav","2888704","cd28e9d4986626040e4514813e7c6cbe24970f0273af27ec0f7ca6feb27c7d17","2026-06-07 07:24:25"
"data/raw_plants/Dionaea/Venus - ET/Trap 8/BYB_Recording_2022-10-31_15_12_47.wav","3107328","a0e2e50374c6e9a41aabb6d3652ba402f2bbe0cec5b37bac4186cdc2f5aadcb9","2026-06-07 07:24:25"
"data/raw_plants/Dionaea/Venus - ET/Trap 8/Contra middle BYB_Recording_2022-10-31_12_05_02.wav","4368896","70c7a57b89f1ce04224324e31ac480394cc0f34a62a4f5f2747686c6b6165c77","2026-06-07 07:24:25"
"data/raw_plants/Dionaea/Venus - ET/Trap 8/Contra right BYB_Recording_2022-10-31_12_17_17.wav","2064384","e040d5407ab4ebe95f1693626943a08811271b8fea7555ee016d9e762c5747e4","2026-06-07 07:24:25"
"data/raw_plants/Dionaea/Venus - ET/Trap 8/Ipsi left BYB_Recording_2022-10-31_11_43_23.wav","1817088","74d9c10ca2257e6f1afd954e9afae67ab99a0ebde79a9559ffebef54c289a18e","2026-06-07 07:24:25"
"data/raw_plants/Dionaea/Venus - ET/Trap 8/Ipsi middle BYB_Recording_2022-10-31_11_51_48.wav","1849344","342dc8c56c0e44d7ae831a33a078bc6bfecd2ea568dad0a303c5551f5b3e1f9b","2026-06-07 07:24:25"
"data/raw_plants/Dionaea/Venus - ET/Trap 9/BYB_Recording_2022-10-31_15_17_24.wav","2329600","909b34ce497f133241b070146771ec8d3e1dc02971b509ee59e040d419cc355b","2026-06-07 07:24:25"
"data/raw_plants/Dionaea/Venus - ET/Trap 9/BYB_Recording_2022-10-31_15_21_49.wav","1831424","6d4eeab0ed41026da14ef95968857a8ad3ae1d902d42482dade41d9f1561e43b","2026-06-07 07:24:25"
"data/raw_plants/Dionaea/Venus - ET/Trap 9/BYB_Recording_2022-10-31_15_29_18.wav","3773952","b8d769570fa9a69c01b7d26683a046bfcc78d48c516080372836ab2e04467398","2026-06-07 07:24:25"
"data/raw_plants/Drosera/Ann Arbor Drosera_1 Stimulus Fire Distance 13.30mm BYB_Recording_2021-07-23_19.13.21.wav","1561608","d3a8d16ef7fa11314003b236ccd4cb978a39845bdffb1eb8ae7ea8e0f7dbd818","2026-06-07 07:24:25"
"data/raw_plants/Drosera/Ann Arbor Drosera_1 Stimulus Fire Distance 13.30mm BYB_Recording_2021-07-23_19.13.21-events.txt","77","2b986ea98c22c964a1f4221fbe3747aafa02514b9b7ac812c8c6e6b9c63e9b9e","2026-06-07 07:24:25"
"data/raw_plants/Drosera/Ann Arbor Drosera_2 Stimulus Fire Distance 10.60mm BYB_Recording_2021-07-23_19.33.40.wav","938140","9bb8c457d0547c1b31c4e01a09399890cb3c60c847502fb7e1a9858c1d4f4780","2026-06-07 07:24:25"
"data/raw_plants/Drosera/Ann Arbor Drosera_2 Stimulus Fire Distance 10.60mm BYB_Recording_2021-07-23_19.33.40-events.txt","77","8883dd14a20684b49480179d61c106107bcbf6ad2c9bbd69e07653544f9184c9","2026-06-07 07:24:25"
"data/raw_plants/Drosera/Ann Arbor Drosera_2 Stimulus Fire Distance 19.00mm BYB_Recording_2021-07-23_19.02.11.wav","1490326","e8256bb79438d96bca3ef4ed574823acfb457d041c001fdf4f1a86d218c59ec8","2026-06-07 07:24:25"
"data/raw_plants/Drosera/Ann Arbor Drosera_2 Stimulus Fire Distance 19.00mm BYB_Recording_2021-07-23_19.02.11-events.txt","78","9e0a1b5c0e6a3c7160761999f74c72eecd88542e603f538d9da75948da03d43f","2026-06-07 07:24:25"
"data/raw_plants/Drosera/Ann Arbor Drosera_2 Stimulus Fire Distance 6.47mm BYB_Recording_2021-08-10_15.55.16.wav","539506","748ce4c7686f359f1d7583213460fe53d3c226f6d841a18c28554663d8ad1a18","2026-06-07 07:24:25"
"data/raw_plants/Drosera/Ann Arbor Drosera_2 Stimulus Fire Distance 6.47mm BYB_Recording_2021-08-10_15.55.16-events.txt","74","95515c7bafd089783430b5a98dcf5e3be34bfb2a636075dc08628eea1845b3f9","2026-06-07 07:24:25"
"data/raw_plants/Drosera/Ann Arbor Drosera_2 Stimulus Fire Distance 6.74mm BYB_Recording_2021-08-10_15.55.16.wav","539506","748ce4c7686f359f1d7583213460fe53d3c226f6d841a18c28554663d8ad1a18","2026-06-07 07:24:25"
"data/raw_plants/Drosera/Ann Arbor Drosera_2 Stimulus Fire Distance 6.74mm BYB_Recording_2021-08-10_15.55.16-events.txt","74","95515c7bafd089783430b5a98dcf5e3be34bfb2a636075dc08628eea1845b3f9","2026-06-07 07:24:25"
"data/raw_plants/Drosera/Ann Arbor Drosera_3 Stimulus Fire Distance 14.50mm BYB_Recording_2021-07-23_18.40.44.wav","927080","3b19dce7b1843a317fb12ec33ed1977962c9b085112bee06ec39a14e46624be6","2026-06-07 07:24:25"
"data/raw_plants/Drosera/Ann Arbor Drosera_3 Stimulus Fire Distance 14.50mm BYB_Recording_2021-07-23_18.40.44-events.txt","77","f98e0d9288b1895b5eed331c3bb15141298f530a87bfb63f596c061ce2470c86","2026-06-07 07:24:25"
"data/raw_plants/Drosera/Ann Arbor Drosera_4 Stimulus Fire Distance 20.13mm BYB_Recording_2021-08-09_17.06.48.wav","751342","8063fcf2aaf4637769935f68084277499d704b166d56974ed6ef31503f956ee8","2026-06-07 07:24:25"
"data/raw_plants/Drosera/Ann Arbor Drosera_4 Stimulus Fire Distance 20.13mm BYB_Recording_2021-08-09_17.06.48-events.txt","74","8eafe6ae0d43aa31e3be8a55fe2ad237fcb9ffeb795acb539a043169cb4b614a","2026-06-07 07:24:25"
"data/raw_plants/Drosera/Ann Arbor Drosera_6 Stimulus Fire Distance 14.77mm BYB_Recording_2021-08-10_16.00.19.wav","517958","a3e1c846947b115f118656d6f60b7cd05131b394e61703c17df556e01079263c","2026-06-07 07:24:25"
"data/raw_plants/Drosera/Ann Arbor Drosera_6 Stimulus Fire Distance 14.77mm BYB_Recording_2021-08-10_16.00.19-events.txt","74","5c09f7dc2e59653a85645e1e8e3dd01444e1e9ec17c48400185b5c5e6d06ac00","2026-06-07 07:24:25"
"data/raw_plants/Drosera/Ann Arbor Drosera_6 Stimulus Fire Distance 17.84mm BYB_Recording_2021-08-09_18.14.23.wav","480112","3779a7e9273c6c1e9039ec186c08a249c029339c30d5009045f4cddae186f095","2026-06-07 07:24:25"
"data/raw_plants/Drosera/Ann Arbor Drosera_6 Stimulus Fire Distance 17.84mm BYB_Recording_2021-08-09_18.14.23-events.txt","74","1dd829e47b6b394470b2cc039165131507476e0e03e8561a1beb50de32997cc7","2026-06-07 07:24:25"
"data/raw_plants/Drosera/Ann Arbor Drosera_6 Stimulus Fire Distance 18.47mm BYB_Recording_2021-08-09_18.04.22.wav","594844","2d3f961720ee0898a12135bf8eb62a399a8c73716f77f2f5597b20658f3ec013","2026-06-07 07:24:25"
"data/raw_plants/Drosera/Ann Arbor Drosera_6 Stimulus Fire Distance 18.47mm BYB_Recording_2021-08-09_18.04.22-events.txt","74","8ca2cff32f4fcfa7cfec78959f957f4570a29c48f35a11bc6aa788ca4b6322f8","2026-06-07 07:24:25"
"data/raw_plants/Drosera/boxplot.png","22191","4a83f5f963c1b0a8232039d9010362e1aaf6941f7b43c65f3a7ca13e1c98f9ae","2026-06-07 07:24:25"
"data/raw_plants/Hedera/Ivy colegio/BYB_Recording_2022-11-15_15.03.58.wav","1115830","713205baab7f3a58b3cf2cf3f2a2f3c24067712b402bcaf513d227e910eb5957","2026-06-07 07:24:25"
"data/raw_plants/Hedera/Ivy colegio/BYB_Recording_2022-11-15_15.03.58-events.txt","90","dcef2312e102827aac6b676cf8155bfe0d5adb5de8b2a2a5c238732caaeb3199","2026-06-07 07:24:25"
"data/raw_plants/Hedera/Ivy colegio/BYB_Recording_2022-11-15_15.09.24.wav","1067116","b4341c0d8aa77d7056bf9fceac93f1f1f977214d40b391651a900aba2f281900","2026-06-07 07:24:25"
"data/raw_plants/Hedera/Ivy colegio/BYB_Recording_2022-11-15_15.09.24-events.txt","89","7f49126e2db981e14b0734b520f49ddb976f405a608d9e85e02b882348dd9d7a","2026-06-07 07:24:25"
"data/raw_plants/Hedera/Ivy colegio/BYB_Recording_2022-12-12_12.26.57.wav","1568654","4a1c27bf9539a52ee4bc88425b5fda6b74982461da9f899e65ead15da2c859c1","2026-06-07 07:24:25"
"data/raw_plants/Hedera/Ivy colegio/BYB_Recording_2022-12-12_12.30.33.wav","949792","452765f3fdeb43408479ef771d7194fde8ec7329daeaadc3580929eabf47d7b4","2026-06-07 07:24:25"
"data/raw_plants/Hedera/Ivy colegio/BYB_Recording_2022-12-12_12.30.33-events.txt","90","6b43e70a52d0532f16db7b47c8ac2f1a1c41fbbe0ae4e49c456cf6edb52ae491","2026-06-07 07:24:25"
"data/raw_plants/Hedera/Ivy colegio/BYB_Recording_2022-12-12_12.33.33.wav","713118","b3f14eea2f5e5351516b84864c6a1235cd93520f38d5697329c4607ba832becc","2026-06-07 07:24:25"
"data/raw_plants/Hedera/Ivy colegio/BYB_Recording_2022-12-12_12.33.33-events.txt","89","cc3f996501bf885a5638354ccff4bed8e898c11c48f50648b8961fd9ef654c70","2026-06-07 07:24:25"
"data/raw_plants/Hedera/Ivy colegio/BYB_Recording_2022-12-12_12.35.59.wav","528302","94569b91bcd8c585c7c228af3a99463954a98f0e4a4a920b68dbcb4bc1b64f0e","2026-06-07 07:24:25"
"data/raw_plants/Hedera/Ivy colegio/BYB_Recording_2022-12-12_12.35.59-events.txt","89","3e2b6785900386a064df5a1b80e8289d860c09de11f86f014818285ab96dbc51","2026-06-07 07:24:25"
"data/raw_plants/Hedera/Ivy danae/BYB_Recording_2023-02-06_22.53.16.wav","1024382","ed8c137ff5aec0af6d452167a9bb41b5fabd072d5f78c649393bd6348aadd04f","2026-06-07 07:24:25"
"data/raw_plants/Hedera/Ivy danae/BYB_Recording_2023-02-06_22.53.16-events.txt","89","cc3cde5758558ab8030059e0256be4743f2a66729b14186ec22c4a8ef8ffedf5","2026-06-07 07:24:25"
"data/raw_plants/Hedera/Ivy danae/BYB_Recording_2023-02-06_22.54.47.wav","835952","40691c1b6a0c3d601867cce52074a5a70c7fb3fca9df38e0d742f70353e4e461","2026-06-07 07:24:25"
"data/raw_plants/Hedera/Ivy danae/BYB_Recording_2023-02-06_22.54.47-events.txt","88","5700c28a12d47c1349d82b93303137a361cd9f5fb8bb9c7666c12be55b7c9b8d","2026-06-07 07:24:25"
"data/raw_plants/Hedera/Ivy danae/BYB_Recording_2023-02-06_22.57.32.wav","834284","05efd5d00048e78d1ed5ab23bf93cd6062bd169526665ba8b2a6ffc480ed6ba3","2026-06-07 07:24:25"
"data/raw_plants/Hedera/Ivy danae/BYB_Recording_2023-02-06_22.57.32-events.txt","88","9498da5252e1e1759a413a60027f9521df6bdb0820d53e27e7d0290b648831df","2026-06-07 07:24:25"
"data/raw_plants/Hedera/Ivy danae/BYB_Recording_2023-02-06_22.58.48.wav","834024","8e8273b773b90d9817f709685aa97dc674794bfb0a9d532826163a7d49705441","2026-06-07 07:24:25"
"data/raw_plants/Hedera/Ivy danae/BYB_Recording_2023-02-06_22.58.48-events.txt","88","1e096ff36a0f0d4947ab8cf7586f47352335d6176841d1bc147761a73f031bf3","2026-06-07 07:24:25"
"data/raw_plants/Impatiens/Isny Impatiens glandufera Stimulus Fire BYB_Recording_2021-10-09_16.48.13.wav","1271898","78358f260462f41086331a641c71edc7a05fea5fdd033090f5c1b80ea25a797c","2026-06-07 07:24:25"
"data/raw_plants/Impatiens/Isny Impatiens glandufera Stimulus Fire BYB_Recording_2021-10-09_16.48.13-events.txt","77","7a6560d62b9caf771038d014d0954311ed2c9e4f749b9818da104074cd336bd1","2026-06-07 07:24:25"
"data/raw_plants/Impatiens/signal-2022-09-07-145914.mp4","2025791","8246a2dbc2a1b807959e7fd861ed85ef814ce35b7362560ea041ab46fca20a44","2026-06-07 07:24:25"
"data/raw_plants/Liquidambar/BYB_Recording_2022-12-02_15.39.46.wav","582318","b24b0ef51a5d6f1e7fb214f430af52fea9ce009411c69f889efea7fc9d7e8fbd","2026-06-07 07:24:25"
"data/raw_plants/Melissa/BYB_Recording_2022-11-15_15.23.37.wav","947722","727e72b155856189e6a443e460bae73572a41696a0fa1656a3fe49ffc10010cd","2026-06-07 07:24:25"
"data/raw_plants/Melissa/BYB_Recording_2022-11-15_15.23.37-events.txt","89","fa4c562449bb78aadfcc6f825d1504c582f0a138567cd7a3b8717d144cf9cfb5","2026-06-07 07:24:25"
"data/raw_plants/Melissa/BYB_Recording_2022-11-15_15.26.18.wav","1247786","b58511a8db140b61cc2db52ed1975f375e66059adc0a3300eb41dd6744bdecd4","2026-06-07 07:24:25"
"data/raw_plants/Melissa/BYB_Recording_2022-11-15_15.26.18-events.txt","89","c8399a9bf3c8711b2ba4f7403e28208a174cb90a8799085096189a6bf2b3f1eb","2026-06-07 07:24:25"
"data/raw_plants/Melissa/BYB_Recording_2022-11-15_15.30.29.wav","1232262","41a45f96f1b9c25d2aa1bca3694bb8bf8c80fe8b08690d39894f92aa3812118d","2026-06-07 07:24:25"
"data/raw_plants/Melissa/BYB_Recording_2022-11-15_15.30.29-events.txt","89","84470f5c4efce5b9196305b3e35ef8eacd6d2ff1a7b57a5ae0d6e6f199d348db","2026-06-07 07:24:25"
"data/raw_plants/Melissa/BYB_Recording_2022-12-12_12.45.48.wav","718750","e2e9a0344893b8a47a9bbaf091e15bf9121aeaaa7071d7534343af510266928c","2026-06-07 07:24:25"
"data/raw_plants/Melissa/BYB_Recording_2022-12-12_12.45.48-events.txt","90","5d9fa8b74e9498e53b6d40f093045adb13fda0d7fe47ff2516780e6ff1e869bc","2026-06-07 07:24:25"
"data/raw_plants/Melissa/BYB_Recording_2022-12-12_12.49.03.wav","587480","ec817bc501e8dc587691d24befc9d8eb1926a42e358766aee76395ed52cab8c9","2026-06-07 07:24:25"
"data/raw_plants/Melissa/BYB_Recording_2022-12-12_12.49.03-events.txt","89","b628149bf83a637ff982c2e919e6a24d7f05cbb4f9fd015e3c831b7f1ffe554f","2026-06-07 07:24:25"
"data/raw_plants/Melissa/BYB_Recording_2022-12-12_12.52.26.wav","652000","d0f9183e0a098d382ed2fd9993df60ddd61b816f310d99fc783504f9b0afc662","2026-06-07 07:24:25"
"data/raw_plants/Melissa/BYB_Recording_2022-12-12_12.52.26-events.txt","89","302743ce5e833e5b0ff7beefa8bf5b8625aeab5b5e897536c6a8bb2ec3018402","2026-06-07 07:24:25"
"data/raw_plants/Melissa/BYB_Recording_2022-12-12_12.55.04.wav","461114","0d42c36af98e0ec754bfbe1dcabe2a086dc5d0272ce0d244abf55737e9d72966","2026-06-07 07:24:25"
"data/raw_plants/Melissa/BYB_Recording_2022-12-12_12.55.04-events.txt","88","68fcee6e7163eaa8d5d0d8bb9a69977a7da23112a8c6b827a65383616a5e71f1","2026-06-07 07:24:25"
"data/raw_plants/Melissa/BYB_Recording_2023-02-06_22.39.06.wav","847288","596caf45bb35a491fc05e73c62bceea1fba97434d1d564b3ae5548ca70ec667b","2026-06-07 07:24:25"
"data/raw_plants/Melissa/BYB_Recording_2023-02-06_22.39.06-events.txt","88","1a76f64f6ecca497bafd8b873fa8d5501cd7f665f5f34818455a035374d0468f","2026-06-07 07:24:25"
"data/raw_plants/Melissa/BYB_Recording_2023-02-06_22.40.52.wav","885074","3554e912e35f6abdb6659e55666f14a919debe24c95958397db73089786f011a","2026-06-07 07:24:25"
"data/raw_plants/Melissa/BYB_Recording_2023-02-06_22.40.52-events.txt","88","c7393a8cb75c1a5e9367face60b9ae3d0d5dee1f24be41965674fdf8851395c0","2026-06-07 07:24:25"
"data/raw_plants/Melissa/BYB_Recording_2023-02-06_22.44.06.wav","855750","16d40f31ee6798b2fece101b0fbf158678f6eae2afcc01076e04b18c4c22f915","2026-06-07 07:24:25"
"data/raw_plants/Melissa/BYB_Recording_2023-02-06_22.44.06-events.txt","88","c42c15b4a5597f543e6bdc1a8d960e0605ddf07ac0c45a6b9de19a5b579e83f2","2026-06-07 07:24:25"
"data/raw_plants/Melissa/BYB_Recording_2023-02-06_22.46.03.wav","877438","57a6d0faf3c4fd3dae1a8dcbf3eba6b6ba63ff6135d33aabe9fd55ee63f2ebca","2026-06-07 07:24:25"
"data/raw_plants/Melissa/BYB_Recording_2023-02-06_22.46.03-events.txt","88","8daf90098d7c7d54a10f273c05149e6001e74686629506f4d938beddfad2ec55","2026-06-07 07:24:25"
"data/raw_plants/Melissa/BYB_Recording_2023-07-21_15.45.06.wav","685908","c2b33251dcbc850a7fcb24244496d9be72daa2f897735137d3e833ba69864a2f","2026-06-07 07:24:25"
"data/raw_plants/Melissa/BYB_Recording_2023-07-21_15.45.06-events.txt","90","07b80c0e8a6adcc834f10b9f84a2fcff417d147387115c7f86d5fa96898e12dc","2026-06-07 07:24:25"
"data/raw_plants/Melissa/BYB_Recording_2023-07-21_15.48.50.wav","764218","c52843f73e925d345afe4320f815adfcadde3407b7e881ffa0fd581f3e1113fe","2026-06-07 07:24:25"
"data/raw_plants/Melissa/BYB_Recording_2023-07-21_15.48.50-events.txt","88","09b99f25d2f1d8e5b2bd50a89c72b2f31b5413d18274ec8016dd69911a9d05d7","2026-06-07 07:24:25"
"data/raw_plants/Melissa/BYB_Recording_2023-07-21_15.51.44.wav","857748","e80f4939b01d47c4b5ea541566ac1e9890e6a9326a04218eb3f3cb1100f00b98","2026-06-07 07:24:25"
"data/raw_plants/Melissa/BYB_Recording_2023-07-21_15.51.44-events.txt","90","c68503e0a61413786fe37a61abb653f4e7c871f88c289407ec15615040cfdf54","2026-06-07 07:24:25"
"data/raw_plants/Melissa/BYB_Recording_2023-07-21_15.54.10.wav","579492","b07d245a8fe68fc2df9695a8ed69171ef91fcd130b4d5e3ef6c209da857c0f7c","2026-06-07 07:24:25"
"data/raw_plants/Melissa/BYB_Recording_2023-07-21_15.54.10-events.txt","89","870ef8daae7a77b16700faedbef11b7222cf6195e5b35f131e541a11924a99a2","2026-06-07 07:24:25"
"data/raw_plants/Mentha/BYB_Recording_2022-09-14_10.59.01.wav","1102000","52fc398b04dfb5d78127919ed4f20fbf0f7c3963c37a5e393aeb98899b560b6a","2026-06-07 07:24:25"
"data/raw_plants/Mentha/BYB_Recording_2022-09-14_10.59.01-events.txt","78","ad9aeee5903233995d006fa666925b60be896cb2b3eab15713af479340a75931","2026-06-07 07:24:25"
"data/raw_plants/Mentha/BYB_Recording_2022-10-04_11.00.55.wav","1236714","afa67fbf1239c4430fa828f0bae27e08c0a3538dec1aa1f379e73463f28951f7","2026-06-07 07:24:25"
"data/raw_plants/Mentha/BYB_Recording_2022-10-04_11.00.55-events.txt","77","a745d793ddf15f76eaa7c6ca07d8f49b3e34bcc0341b51513cf2f51a98db568e","2026-06-07 07:24:25"
"data/raw_plants/Mentha/BYB_Recording_2022-10-04_15.54.20.wav","1182470","15468e4136471065b558c7d848e64db74aaa2c28743f13ce795e802fc292eec9","2026-06-07 07:24:25"
"data/raw_plants/Mentha/BYB_Recording_2022-10-04_15.54.20-events.txt","74","e9270472f612bead65650c07c00ff26477b388c37447ebc64f90bb9a080f834b","2026-06-07 07:24:25"
"data/raw_plants/Mentha/BYB_Recording_2022-10-04_15.59.51.wav","1262464","21be58a9ceb5fe8aa74fab69017127dc3ecc5710190967e5683bc02bfc523766","2026-06-07 07:24:25"
"data/raw_plants/Mentha/BYB_Recording_2022-10-04_15.59.51-events.txt","74","42537325f9045e06c04efde02207cd89274ecd0c995bd9d228c9fccb8360fddd","2026-06-07 07:24:25"
"data/raw_plants/Mentha/BYB_Recording_2022-10-04_16.02.20.wav","1207688","dca42b16c4fc116b8d2eae86156f640231944e28abf799f95c4f5f49ee23ab75","2026-06-07 07:24:25"
"data/raw_plants/Mentha/BYB_Recording_2022-10-04_16.02.20-events.txt","74","470c05c5557c19067a29c2ae97aa61288bacd529234ad191ef05225ab2f0bb1a","2026-06-07 07:24:25"
"data/raw_plants/Mentha/BYB_Recording_2023-07-18_06.53.10.wav","903460","81e1b5fed8d40acfb5d3ff884878dff52d98b7f46918b0d307e5b3cbbd87d7d5","2026-06-07 07:24:25"
"data/raw_plants/Mentha/BYB_Recording_2023-07-18_06.53.10-events.txt","90","6b287d7836bf8193979765c7efca58a95e1cef057dc16ae983fb9212fdfbbfc1","2026-06-07 07:24:25"
"data/raw_plants/Mentha/BYB_Recording_2023-07-18_06.55.48.wav","882916","244a49898bd612c0ac6786aa2dce0a3bced5d36ee90bed4d23bd0e9a5240a404","2026-06-07 07:24:25"
"data/raw_plants/Mentha/BYB_Recording_2023-07-18_06.55.48-events.txt","90","51692fe5422dc1c652b4dc89248289de8fa6cbb072192c86a948d3b9493dc94c","2026-06-07 07:24:25"
"data/raw_plants/Mentha/BYB_Recording_2023-07-18_06.59.20.wav","825524","a8c750a04a4651d9ca26990883129cace34b19c453158d95408191b8f994ace3","2026-06-07 07:24:25"
"data/raw_plants/Mentha/BYB_Recording_2023-07-18_06.59.20-events.txt","90","af8beaa801e2968cd7485c0add6f31b89bd83d9a22941d6799d6995dc9192e0f","2026-06-07 07:24:25"
"data/raw_plants/Mentha/BYB_Recording_2023-07-18_07.02.41.wav","800322","425737c3386ac102574269f406a19af0db0e7275d4031e231d4e0a817d201494","2026-06-07 07:24:25"
"data/raw_plants/Mentha/BYB_Recording_2023-07-18_07.02.41-events.txt","90","ef4e26ff72d55eb71b8090c0ebf639800ca97f1f87bfc8327a7cfb85848c6b05","2026-06-07 07:24:25"
"data/raw_plants/Mentha/BYB_Recording_2023-07-21_15.22.50.wav","566946","0108af8fee838d992cd4769ddbc555936888b50d8ebad102ef34377b7361197d","2026-06-07 07:24:25"
"data/raw_plants/Mentha/BYB_Recording_2023-07-21_15.22.50-events.txt","89","c858d85df4fcad6f9d8eb91ee1354db756b4e9a6a6824efe5d64f537a6b58871","2026-06-07 07:24:25"
"data/raw_plants/Mentha/BYB_Recording_2023-07-21_15.25.04.wav","605884","86614187bdb4782cde1eb528163ce899301685be97df61a37b6184302e742eb4","2026-06-07 07:24:25"
"data/raw_plants/Mentha/BYB_Recording_2023-07-21_15.25.04-events.txt","89","dc6821c750dcadeef51520ec34f7189f91f16181443a34b8fcd044ecc2bcdc0a","2026-06-07 07:24:25"
"data/raw_plants/Mentha/BYB_Recording_2023-07-21_15.27.50.wav","824054","95e12ddbe5ec0fdf4a2eb599f05434c4a35d3f121e09d8dd6505fe027cb0f37a","2026-06-07 07:24:25"
"data/raw_plants/Mentha/BYB_Recording_2023-07-21_15.27.50-events.txt","90","abb9307fc036772d9840482ee82d874a9c270b4da225e9602de461fba622d33e","2026-06-07 07:24:25"
"data/raw_plants/Mentha/BYB_Recording_2023-07-21_15.30.06.wav","694706","f54ee6f47fa6337a5c988ca1de9c87fa6745f1b71ff4e2df15573dbf82abfc1e","2026-06-07 07:24:25"
"data/raw_plants/Mentha/BYB_Recording_2023-07-21_15.30.06-events.txt","90","1047d0c100786a6fa58434652c6db5c0e707e479c5c5d54c56740550db358e27","2026-06-07 07:24:25"
"data/raw_plants/Mentha/BYB_Recording_2023-07-21_15.33.22.wav","623432","465c773e52bdd9aebe43de96c61b5abf7f6f51772295cede883f2e3595bc6e28","2026-06-07 07:24:25"
"data/raw_plants/Mentha/BYB_Recording_2023-07-21_15.33.22-events.txt","89","8df98b43e9362baa86a4af5d8e8b7dd8aef75fd02185620f6f26ddea8eaef37c","2026-06-07 07:24:25"
"data/raw_plants/Mentha/BYB_Recording_2023-07-21_15.35.03.wav","659376","ae285f3a4a69a104443ab38cff4dbe1090d12aaf77920701b8efa8397fce8f34","2026-06-07 07:24:25"
"data/raw_plants/Mentha/BYB_Recording_2023-07-21_15.35.03-events.txt","90","fc329ab70ddf31271ae7c80ea962b4e58cecb760cda6e35645213208f002c828","2026-06-07 07:24:25"
"data/raw_plants/Mentha/BYB_Recording_2023-07-21_15.37.19.wav","581526","f9e548b89f5d6f5cc8a177e17a22fc11a956c48e9f03c80eff6b63c3a89de255","2026-06-07 07:24:25"
"data/raw_plants/Mentha/BYB_Recording_2023-07-21_15.37.19-events.txt","90","b8b4cc279e8b2b21428fce48ca8ae0c484020557b920117b79511da037ce0fff","2026-06-07 07:24:25"
"data/raw_plants/Mentha/BYB_Recording_2023-07-21_15.39.33.wav","741226","996ffc9505d91832f8063412ed3ebb573c8b5a72d68f82ad42dd5613389ac741","2026-06-07 07:24:25"
"data/raw_plants/Mentha/BYB_Recording_2023-07-21_15.39.33-events.txt","89","d9325d747226a836396042b300d1c6b631353d506e083c605789950745230710","2026-06-07 07:24:25"
"data/raw_plants/Mentha/BYB_Recording_2023-07-21_15.41.35.wav","604098","f13bf15166be20215fc37c997de576169fc98454302daacd685ab67cfa523862","2026-06-07 07:24:25"
"data/raw_plants/Mentha/BYB_Recording_2023-07-21_15.41.35-events.txt","90","66b7af904533a13f9c87068824b1b5874f3d96efb1d5853b2782542fa8698691","2026-06-07 07:24:25"
"data/raw_plants/Mentha/Oct 30 2022 mint conduction velocity/BYB_Recording_2022-10-30_00.28.07.wav","510896","ba6cde1d0e89a3851be43b1f75195dfad9a22a5b3b78309ab64676f5fae2b94e","2026-06-07 07:24:25"
"data/raw_plants/Mentha/Oct 30 2022 mint conduction velocity/BYB_Recording_2022-10-30_00.28.07-events.txt","88","4ae9d5c278c55e37ceefe97992902830da0b81f56d3f1b582b204e75aaca36fb","2026-06-07 07:24:25"
"data/raw_plants/Mentha/Oct 30 2022 mint conduction velocity/BYB_Recording_2022-10-30_00.46.25.wav","1514732","340859f546d1c37e1eef4019b8613ad6d7ff69ef7b4135b69b63bf2293d5d260","2026-06-07 07:24:25"
"data/raw_plants/Mentha/Oct 30 2022 mint conduction velocity/BYB_Recording_2022-10-30_00.46.25-events.txt","113","18ea579466125df92d0f88d016088e7858a8976c7f283f82c3c3e5763463ba78","2026-06-07 07:24:25"
"data/raw_plants/Mentha/Oct 30 2022 mint conduction velocity/BYB_Recording_2022-10-30_00.55.01.wav","1408100","ef16709b46adf2d40802f223b86cb8416e1a94ee22a1844f57485c1033432e46","2026-06-07 07:24:25"
"data/raw_plants/Mentha/Oct 30 2022 mint conduction velocity/BYB_Recording_2022-10-30_00.55.01-events.txt","112","5d136243e6ef21b0fe9a331e99b32b1d999da977af2d3e6d19a6d51b801fe2e7","2026-06-07 07:24:25"
"data/raw_plants/Mentha/Oct 30 2022 mint conduction velocity/Mint Conduction Velocity Notes.docx","6139","dd461ee0a4e3f37780207bbe71f587dcd67a54c1c0896e27b7761c6bc0bb8c69","2026-06-07 07:24:25"
"data/raw_plants/Mimosa/20221028 Munich/Plant 1/BYB_Recording_2022-10-28_13.33.55.wav","1219250","78f9896c3c5b52526babaca2a35e27b9de3f41d79f73673cd510ccb7ca83aabb","2026-06-07 07:24:26"
"data/raw_plants/Mimosa/20221028 Munich/Plant 1/BYB_Recording_2022-10-28_13.33.55-events.txt","78","9ca7df6461369c19cb19c8fecbe42a5a103b107b40b42802b0fae9a41ff4dfa6","2026-06-07 07:24:26"
"data/raw_plants/Mimosa/20221028 Munich/Plant 1/BYB_Recording_2022-10-28_13.35.45.wav","610796","811ab53c113631fe91d04ecc938bc7aae2750055241120c406d839956ba2f908","2026-06-07 07:24:26"
"data/raw_plants/Mimosa/20221028 Munich/Plant 1/BYB_Recording_2022-10-28_13.35.45-events.txt","77","8cb6e52b1a0739de83d96dc08c833a1dc38034875eef3389a2d81ef362791f29","2026-06-07 07:24:26"
"data/raw_plants/Mimosa/20221028 Munich/Plant 1/BYB_Recording_2022-10-28_13.36.18.wav","616064","608d32548e5bfab024fc7c2c0a5e94ce0b4df73dc7ac19361db339f4fec9230e","2026-06-07 07:24:26"
"data/raw_plants/Mimosa/20221028 Munich/Plant 1/BYB_Recording_2022-10-28_13.36.18-events.txt","77","00e58088477492542ba7fe3c43fde0153b3713c1d675e5755fcc6ca33a260d0d","2026-06-07 07:24:26"
"data/raw_plants/Mimosa/20221028 Munich/Plant 1/BYB_Recording_2022-10-28_13.36.57.wav","610384","af1709f3893b11abd7a35b9982ab6d073d5cdf432f513d99f3d9296e963a92af","2026-06-07 07:24:26"
"data/raw_plants/Mimosa/20221028 Munich/Plant 1/BYB_Recording_2022-10-28_13.36.57-events.txt","77","0713cfcd04cca00a4892c5dc9ee0850c475ac394314fed771caf75a8f02c8872","2026-06-07 07:24:26"
"data/raw_plants/Mimosa/20221028 Munich/Plant 2/BYB_Recording_2022-10-28_14.30.39.wav","373596","e2f01266e9e6eba673e0571d38e5a7cede8222512142405ed23a3ace4f6ca985","2026-06-07 07:24:26"
"data/raw_plants/Mimosa/20221028 Munich/Plant 2/BYB_Recording_2022-10-28_14.30.39-events.txt","77","3f7361594f118c9e1e18f50347977111620e5656039dd02f0e3cefb2f4981f5f","2026-06-07 07:24:26"
"data/raw_plants/Mimosa/20221028 Munich/Plant 2/BYB_Recording_2022-10-28_14.30.59.wav","486840","7096931f6b377a47bfd4ffc86cad1ea8fa160b6706f4fd6e457772b7cdd8a73f","2026-06-07 07:24:26"
"data/raw_plants/Mimosa/20221028 Munich/Plant 2/BYB_Recording_2022-10-28_14.30.59-events.txt","77","bcb2b8093aad1b1453da180f06aa6d4c7f474cf36c9fc683192144c6de687529","2026-06-07 07:24:26"
"data/raw_plants/Mimosa/20221028 Munich/Plant 2/BYB_Recording_2022-10-28_14.31.38.wav","354576","86508145ad3f731e7c44709cb3c66c533b97463ecc525c66f2af49ba53f589d9","2026-06-07 07:24:26"
"data/raw_plants/Mimosa/20221028 Munich/Plant 2/BYB_Recording_2022-10-28_14.31.38-events.txt","77","07c7b67ab66709850f27b386cc571856140e185023141629a60910995fff6815","2026-06-07 07:24:26"
"data/raw_plants/Mimosa/20221028 Munich/Plant 2/BYB_Recording_2022-10-28_14.31.59.wav","365772","1008d256e7d97137dc71fcd89b1220dd9cc7fe1bd7576ddfc5b2420ca9932fe3","2026-06-07 07:24:26"
"data/raw_plants/Mimosa/20221028 Munich/Plant 2/BYB_Recording_2022-10-28_14.31.59-events.txt","77","3e2df77b227f22543c8625468a2ade60f49a41dd65a58125d91a0f11f533c06f","2026-06-07 07:24:26"
"data/raw_plants/Mimosa/20221028 Munich/Plant 2/BYB_Recording_2022-10-28_14.32.22.wav","429684","32e10466b247b2549c45599c976634ef5b08da6f7569e132ce2468baeef6831e","2026-06-07 07:24:26"
"data/raw_plants/Mimosa/20221028 Munich/Plant 2/BYB_Recording_2022-10-28_14.32.22-events.txt","77","5b76dca1d85f95813a505d37acdb66ccc014233a04036cc618e9ca3346a7d014","2026-06-07 07:24:26"
"data/raw_plants/Mimosa/20221028 Munich/Plant 2/BYB_Recording_2022-10-28_14.35.44.wav","1267484","2a03d2c6f038a009445b3bb3a75b507bb8ae857f4e019f0e255e309c9c291204","2026-06-07 07:24:26"
"data/raw_plants/Mimosa/20221028 Munich/Plant 2/BYB_Recording_2022-10-28_14.35.44-events.txt","77","3e2df77b227f22543c8625468a2ade60f49a41dd65a58125d91a0f11f533c06f","2026-06-07 07:24:26"
"data/raw_plants/Mimosa/20221028 Munich/Plant 2/BYB_Recording_2022-10-28_14.36.57.wav","958980","7c35da3c5b74f46ae0c6036f6fd556475554fb11557a158bddcaaafa70ec247c","2026-06-07 07:24:26"
"data/raw_plants/Mimosa/20221028 Munich/Plant 2/BYB_Recording_2022-10-28_14.36.57-events.txt","77","6c7a0e02d42a7ffc4f539be0176135b07c6f82a99ee4355381a5f034f428b42f","2026-06-07 07:24:26"
"data/raw_plants/Mimosa/20221028 Munich/Plant 2/BYB_Recording_2022-10-28_14.37.51.wav","615228","57a1a28435bf71d383d3459eddded11551d12035b1a222f43cf6f9f51a0a53f5","2026-06-07 07:24:26"
"data/raw_plants/Mimosa/20221028 Munich/Plant 2/BYB_Recording_2022-10-28_14.37.51-events.txt","77","9bbe8a88205c059409cfe25ed5da67c0d104241acb8b6672470ec8fb12395b7b","2026-06-07 07:24:26"
"data/raw_plants/Mimosa/20221028 Munich/Plant 2/BYB_Recording_2022-10-28_14.59.20.wav","545646","fffe7e93c10a1c2881a360dd5c432876a74909c44c125589a4d73a8014964b31","2026-06-07 07:24:26"
"data/raw_plants/Mimosa/20221028 Munich/Plant 2/BYB_Recording_2022-10-28_14.59.20-events.txt","77","7243b97a0f8e27b98151696898d3f94b218bbfa2bdc03717c3ca6dc33924575d","2026-06-07 07:24:26"
"data/raw_plants/Mimosa/20221028 Munich/Plant 2/BYB_Recording_2022-10-28_15.00.50.wav","425570","2f3591513850bab4447adc7f6452040240965f685029d8a741e87a5e7c848f6a","2026-06-07 07:24:26"
"data/raw_plants/Mimosa/20221028 Munich/Plant 2/BYB_Recording_2022-10-28_15.00.50-events.txt","77","34a49fdd50636dc70701423c9dafd3c4b1af0acc455385d5ba1d512bfad1e9d4","2026-06-07 07:24:26"
"data/raw_plants/Mimosa/20221028 Munich/Plant 2/BYB_Recording_2022-10-28_15.01.15.wav","788094","644a09e89dc177b18c411015eba6a30b45c249572dad43952d26afa3ebb3a0ab","2026-06-07 07:24:26"
"data/raw_plants/Mimosa/20221028 Munich/Plant 2/BYB_Recording_2022-10-28_15.01.15-events.txt","77","17c3d177e6c8981fb1e4c1bb79c18c9e0072f5bf65c0ae28886b910498797334","2026-06-07 07:24:26"
"data/raw_plants/Mimosa/20221028 Munich/Plant 3/BYB_Recording_2022-10-28_15.20.27.wav","674284","f79a97d1908bad10c6cda18da59c1b48b195c78ab08534abfdaeae30e4d04900","2026-06-07 07:24:26"
"data/raw_plants/Mimosa/20221028 Munich/Plant 3/BYB_Recording_2022-10-28_15.20.27-events.txt","77","c4aafd8f926c415345c1b6dcbae41cd8095dcc5713e937727e83b323dee4f2de","2026-06-07 07:24:26"
"data/raw_plants/Mimosa/20221028 Munich/Plant 3/BYB_Recording_2022-10-28_15.21.03.wav","618206","27eb5608fab1a3970659d16c8a83cac5553505df68616f7f1f525e7b75f13618","2026-06-07 07:24:26"
"data/raw_plants/Mimosa/20221028 Munich/Plant 3/BYB_Recording_2022-10-28_15.21.03-events.txt","77","49daae2f4625028ba5d8526ae962726f96bcce8ef5351bf95b474e6fda1d906c","2026-06-07 07:24:26"
"data/raw_plants/Mimosa/20221028 Munich/Plant 4/BYB_Recording_2022-10-28_15.23.26.wav","744950","649d9ba4cdf466597f8e4b03b09bc4df615b1da8ab7b3fe7274026b735358d10","2026-06-07 07:24:26"
"data/raw_plants/Mimosa/20221028 Munich/Plant 4/BYB_Recording_2022-10-28_15.23.26-events.txt","77","ebb04422d3b2bad4a7b07b5bf2ef0987fab569c52abeca5ed957a5bedd59a1ea","2026-06-07 07:24:26"
"data/raw_plants/Mimosa/20221028 Munich/Plant 4/BYB_Recording_2022-10-28_15.24.49.wav","1210346","7131f4a86b224dfa1682cc3bcdc60fedcdf267b08bec5aed901deb61fcd0c897","2026-06-07 07:24:26"
"data/raw_plants/Mimosa/20221028 Munich/Plant 4/BYB_Recording_2022-10-28_15.24.49-events.txt","77","5c60d408f696f8e3fbfaf9617d9c590f7624051f8e05d2ec0e994389d227ab70","2026-06-07 07:24:26"
"data/raw_plants/Mimosa/Ann Arbor Mimosa_1 Stimulus Tap Distance 31.53mm BYB_Recording_2021-07-26_12.01.30.wav","496810","5a283e8431322fc068b7dd6af88aecc831f9abdfa9821dcd2053cd20238ee5ad","2026-06-07 07:24:25"
"data/raw_plants/Mimosa/Ann Arbor Mimosa_1 Stimulus Tap Distance 31.53mm BYB_Recording_2021-07-26_12.01.30-events.txt","78","b7f2ae9ec2b5242bc47f4a30c2546c05355d9d842286e56d2a45991b3c9440f3","2026-06-07 07:24:25"
"data/raw_plants/Mimosa/Ann Arbor Mimosa_2 Stimulus Tap Distance 40.00mm BYB_Recording_2021-07-26_17.14.33.wav","404086","69183bb7d47d859c43eb1781aef844d0a43b539283116632a9a906437749dc64","2026-06-07 07:24:25"
"data/raw_plants/Mimosa/Ann Arbor Mimosa_2 Stimulus Tap Distance 40.00mm BYB_Recording_2021-07-26_17.14.33-events.txt","78","312a6defbe664844d5c9917694c703555ba524fa1857e29d635e8c5e110251a8","2026-06-07 07:24:25"
"data/raw_plants/Mimosa/Ann Arbor Mimosa_2 Stimulus Tap Distance 40.00mm BYB_Recording_2021-07-26_17.20.39.wav","144834","73c91def8ab7fcbdfe5e8e984c2332d542e35b49fa2bff6d5caee3db8b3874a0","2026-06-07 07:24:25"
"data/raw_plants/Mimosa/Ann Arbor Mimosa_2 Stimulus Tap Distance 40.00mm BYB_Recording_2021-07-26_17.20.39-events.txt","77","e3383f6babbe04e7add98f076a96435011fcfd69848ccbc73c1d8f12bbd7c531","2026-06-07 07:24:25"
"data/raw_plants/Mimosa/Ann Arbor Mimosa_2 Stimulus Tap Distance 48.00mm BYB_Recording_2021-07-26_12.36.03.wav","1179952","6774949f2483366f1721abfc517e67939b2c8850198b0a76044dc657a2342d51","2026-06-07 07:24:25"
"data/raw_plants/Mimosa/Ann Arbor Mimosa_2 Stimulus Tap Distance 48.00mm BYB_Recording_2021-07-26_12.36.03-events.txt","77","917a2adbbd2009fea27f99f48c2593bc74144a826d8d120b1505f2b856cfa6ef","2026-06-07 07:24:25"
"data/raw_plants/Mimosa/Ann Arbor Mimosa_2 Stimulus Tap Distance 54.33mm BYB_Recording_2021-07-26_12.19.47.wav","496676","c49f68b4ab710054002d1875bd9e0e710caf791a3aa099cd58213ba13bce3dd2","2026-06-07 07:24:25"
"data/raw_plants/Mimosa/Ann Arbor Mimosa_2 Stimulus Tap Distance 54.33mm BYB_Recording_2021-07-26_12.19.47-events.txt","89","74cd7709d026a8279eb1a8d1ecf54ff4b9a59dfb3f84ea99ad3cf85c9f656a9b","2026-06-07 07:24:25"
"data/raw_plants/Mimosa/Ann Arbor Mimosa_3 Stimulus Tap Distance 34.71mm BYB_Recording_2021-07-26_18.11.58.wav","332086","8f6639f31ffd6b23d0c88f901960b742839c1a4f5c400920a0e03f829095881a","2026-06-07 07:24:25"
"data/raw_plants/Mimosa/Ann Arbor Mimosa_3 Stimulus Tap Distance 34.71mm BYB_Recording_2021-07-26_18.11.58-events.txt","77","988df4296bbe5cf9143885956b5056439cb4814ad4a0dd0a680398427a25b4ae","2026-06-07 07:24:25"
"data/raw_plants/Mimosa/BYB_Recording_2021-07-26_12.24.09.wav","306686","f463e536dc7c9030da8888745fc95c3d413a4dff413c030ea09bfdaa430cdb33","2026-06-07 07:24:25"
"data/raw_plants/Mimosa/BYB_Recording_2021-07-26_12.24.09-events.txt","77","d82c1317f7a4b49183d8c194ac783b54810de4ab92714efc8209c130607e3e2a","2026-06-07 07:24:25"
"data/raw_plants/Mimosa/BYB_Recording_2021-07-26_17.20.39.wav","144834","73c91def8ab7fcbdfe5e8e984c2332d542e35b49fa2bff6d5caee3db8b3874a0","2026-06-07 07:24:25"
"data/raw_plants/Mimosa/BYB_Recording_2021-07-26_17.20.39-events.txt","77","e3383f6babbe04e7add98f076a96435011fcfd69848ccbc73c1d8f12bbd7c531","2026-06-07 07:24:25"
"data/raw_plants/Mimosa/Mimosa Chile/BYB_Recording_2015-12-20_15.16.56.wav","1140016","b605e94870ea6e1e25c1b4de3d0a6c1cb675a8f603a31446304feea58f0e6c55","2026-06-07 07:24:26"
"data/raw_plants/Mimosa/Mimosa Chile/BYB_Recording_2015-12-21_17.16.27.wav","4260834","929d2e2bfefb4d357344912ebd4e6cac3cf914fd58ea613ee7935ec7a9891526","2026-06-07 07:24:26"
"data/raw_plants/Mimosa/Mimosa Chile/BYB_Recording_2015-12-21_18.07.24.wav","1739170","68017d03b3a60e5846e94b1eb328abb2d7c99bc7114a30aec26cf116e5db2640","2026-06-07 07:24:26"
"data/raw_plants/Mimosa/Munich Mimosa_1 Stimulus Tap BYB_Recording_2022-09-15_10.31.03.wav","1121420","ea538f310793631482789208769b4922ea40f8a13da514217bf6a88cdd3af560","2026-06-07 07:24:25"
"data/raw_plants/Mimosa/Munich Mimosa_1 Stimulus Tap BYB_Recording_2022-09-15_10.31.03-events.txt","157","d03fb6615fc2a4504711ab3ed3e08cef0c071dacf82f832f53142fc67062ed6c","2026-06-07 07:24:25"
"data/raw_plants/Mimosa/Munich Mimosa_1 Stimulus Tap Distance 25mm BYB_Recording_2022-10-14_14.28.41.wav","359926","37d064e782ed34397f36698daaf5ff64147d82142cf140d16a1b7ed29ec75656","2026-06-07 07:24:25"
"data/raw_plants/Mimosa/Munich Mimosa_1 Stimulus Tap Distance 25mm BYB_Recording_2022-10-14_14.28.41-events.txt","77","26a2b2902b17d6e54b2d2f2bc3c1ecfc4dcf9f4ad0d17a706cfa49ffa3c0b046","2026-06-07 07:24:25"
"data/raw_plants/Mimosa/Munich Mimosa_2 Stimulus Tap BYB_Recording_2022-09-15_10.44.43.wav","714556","5a356f6b2ee8021fe1760cb1472df7177610936635eb1a6c72e0d942cda66359","2026-06-07 07:24:25"
"data/raw_plants/Mimosa/Munich Mimosa_2 Stimulus Tap BYB_Recording_2022-09-15_10.44.43-events.txt","75","2e918e2ab7870d4c19e9c321162f4a5a6eeadc92f849c68938e675a8cfa999e7","2026-06-07 07:24:25"
"data/raw_plants/Mimosa/VID_20220915_104451.mp4","50886760","f2bb5f68fba0913002c7b4101a6016dc09b27911afaa2c9d20ab24dfb45515fd","2026-06-07 07:24:26"
"data/raw_plants/Ocimum/Basil Serbia/Basil 1/BYB_Recording_2023-07-17_06.12.14.wav","1376756","a5ff64584f27d71555301ee144e6dec76cc2efe08a963709310c2948486e076b","2026-06-07 07:24:26"
"data/raw_plants/Ocimum/Basil Serbia/Basil 1/BYB_Recording_2023-07-17_06.12.14-events.txt","90","77a0558b996c6bb2acf6480abcce9237da00db6bb008b1dfd59cbde278e37e09","2026-06-07 07:24:26"
"data/raw_plants/Ocimum/Basil Serbia/Basil 1/BYB_Recording_2023-07-17_06.17.19.wav","1424134","42fba46c53d2cf89b2424ccca18d6d9d0454029b667ae3d726a25871cc47cfe4","2026-06-07 07:24:26"
"data/raw_plants/Ocimum/Basil Serbia/Basil 1/BYB_Recording_2023-07-17_06.17.19-events.txt","90","b9c027694a38ba89b20cd335f12fb77e64edf389cc9d4af617826c25014e3d86","2026-06-07 07:24:26"
"data/raw_plants/Ocimum/Basil Serbia/Basil 1/BYB_Recording_2023-07-17_06.20.16.wav","1312390","880d2457e2cdba5ae81e70dac4301033135e427e3fe1b7bb8f11fd61df5e1746","2026-06-07 07:24:26"
"data/raw_plants/Ocimum/Basil Serbia/Basil 1/BYB_Recording_2023-07-17_06.20.16-events.txt","90","a718d3576a943b7bcb91f5a8f5017d067ec77a26a2fea9b873b1803eeb6f97d7","2026-06-07 07:24:26"
"data/raw_plants/Ocimum/Basil Serbia/Basil 1/BYB_Recording_2023-07-17_06.23.14.wav","1154596","b27b1cabf9d5ff17348f1a72268b8d04997d7384ef8978c9340cddf19ab73f9d","2026-06-07 07:24:26"
"data/raw_plants/Ocimum/Basil Serbia/Basil 1/BYB_Recording_2023-07-17_06.23.14-events.txt","90","4aa890e9452bdb9cdfe4c0e9a141dc2c8add89b4c8468c598965106df512139a","2026-06-07 07:24:26"
"data/raw_plants/Ocimum/Basil Serbia/Basil 1/BYB_Recording_2023-07-17_06.25.40.wav","1116060","b6984d3eaa16b777154a1f705826524f9701b3746333aef68d2b646a20063b69","2026-06-07 07:24:26"
"data/raw_plants/Ocimum/Basil Serbia/Basil 1/BYB_Recording_2023-07-17_06.25.40-events.txt","90","7b8253ad15696ef8c9094b96e612ab8493024ddb2972e4859e6be468c785f3ce","2026-06-07 07:24:26"
"data/raw_plants/Ocimum/Basil Serbia/Basil 2/BYB_Recording_2023-07-19_16.53.52.wav","740740","c0c5aa4c067f5ec7b07f19716d508377e2e1e8db358af801df29c077f4802fc2","2026-06-07 07:24:26"
"data/raw_plants/Ocimum/Basil Serbia/Basil 2/BYB_Recording_2023-07-19_16.53.52-events.txt","90","63b2cd6732af1d68424bbc0b3641530250aa4fb0587df979c475d6dff7eb3fd0","2026-06-07 07:24:26"
"data/raw_plants/Ocimum/Basil Serbia/Basil 2/BYB_Recording_2023-07-19_16.57.58.wav","657154","bfdd30728f932d7efd0043d9baa11aa5367756c854b5b1f4158a4df8acfb8381","2026-06-07 07:24:26"
"data/raw_plants/Ocimum/Basil Serbia/Basil 2/BYB_Recording_2023-07-19_16.57.58-events.txt","89","567d5cbe8933a171ba70a1c0c74d74eda728a343b05fa1593b29c144e2cfd129","2026-06-07 07:24:26"
"data/raw_plants/Ocimum/Basil Serbia/Basil 2/BYB_Recording_2023-07-19_17.05.06.wav","695938","ef7be8db77d657f14fdb7369d6422090cd1bda178047380bfa9e98838ba289d0","2026-06-07 07:24:26"
"data/raw_plants/Ocimum/Basil Serbia/Basil 2/BYB_Recording_2023-07-19_17.05.06-events.txt","89","bfdd492191b1e123d1f6dbef3276ef19c8008e07df117eb2d4d3978cb976659b","2026-06-07 07:24:26"
"data/raw_plants/Ocimum/Basil Serbia/Basil 2/BYB_Recording_2023-07-19_17.09.00.wav","791286","f3231d2f37bba42c6b681bd91f4a7a4989966503cd0c11d54aad6a42a3f8125e","2026-06-07 07:24:26"
"data/raw_plants/Ocimum/Basil Serbia/Basil 2/BYB_Recording_2023-07-19_17.09.00-events.txt","89","650b0a9c132e5ebe76bb3cad921ce053b470f59156b3950632ed10f4ae79de4e","2026-06-07 07:24:26"
"data/raw_plants/Ocimum/Basil Serbia/Basil 2/BYB_Recording_2023-07-19_17.12.47.wav","1021278","630d1e71e19ef12e5218e7b49a2b505d96774256fc72b1e2715e2d7fb5134b65","2026-06-07 07:24:26"
"data/raw_plants/Ocimum/Basil Serbia/Basil 2/BYB_Recording_2023-07-19_17.12.47-events.txt","90","978c50b706f8f9af537f9c481728f67f68f68ae0f5a427df1d9e0b5392b8a394","2026-06-07 07:24:26"
"data/raw_plants/Ocimum/Basil Serbia/Basil 2/BYB_Recording_2023-07-19_17.13.40.wav","851206","0f1a13e3688e4ee4f7aa94663e4832787d2a6ce35739d2b15dfe9494fcacb656","2026-06-07 07:24:26"
"data/raw_plants/Ocimum/Basil Serbia/Basil 2/BYB_Recording_2023-07-19_17.13.40-events.txt","89","3145ec6e6dcab43ca0fd677fd6846e366fa0a604be6f2d4c0fbe69712dd37c95","2026-06-07 07:24:26"
"data/raw_plants/Ocimum/Basil Serbia/Basil 2/BYB_Recording_2023-07-19_17.16.19.wav","787788","b55b1e1ef1d58da56e47ea6e27023add979d9fb37ae14e31cc62c9f090c86804","2026-06-07 07:24:26"
"data/raw_plants/Ocimum/Basil Serbia/Basil 2/BYB_Recording_2023-07-19_17.16.19-events.txt","89","b3b28d5112a0da7fc8c48ac069bc7d6c413d7820887187ba59bdf1d983d03144","2026-06-07 07:24:26"
"data/raw_plants/Ocimum/BYB_Recording_2022-11-22_15.00.47.wav","1139490","7c9e890c058629b949aa7699c98a9b21a408a8034e6da02cfaf3dd3807e7c78c","2026-06-07 07:24:26"
"data/raw_plants/Ocimum/BYB_Recording_2022-11-22_15.00.47-events.txt","89","24f3ee60a17b12146da9c9cdd6ff689ff4c53347f09b9990d4807b429e23ef85","2026-06-07 07:24:26"
"data/raw_plants/Ocimum/BYB_Recording_2022-11-22_15.14.41.wav","983232","ffccd4697c2c858278d057b682da50a139a1c9671cd9a75a17a8102327bc97cd","2026-06-07 07:24:26"
"data/raw_plants/Ocimum/BYB_Recording_2022-11-22_15.14.41-events.txt","89","296946059262b2d9b50c88264e6c7483d7100b0fcbe07b84fd8c0490666df7f0","2026-06-07 07:24:26"
"data/raw_plants/Ocimum/BYB_Recording_2022-11-22_15.20.25.wav","1018176","201ea3e1ee6816d2fa89de8eea16757f28fb4e1873ffbf596209f37bb53a6da8","2026-06-07 07:24:26"
"data/raw_plants/Ocimum/BYB_Recording_2022-11-22_15.20.25-events.txt","89","939aa30d63d4d634e42138495ae46a75f84f392232b69218c36f4177a9bc8300","2026-06-07 07:24:26"
"data/raw_plants/Ocimum/BYB_Recording_2022-11-22_15.23.12.wav","1028278","2ebaca6d9814ace7665b40b14dee07c427b514ade168cb6d0f6b7c68c2993a63","2026-06-07 07:24:26"
"data/raw_plants/Ocimum/BYB_Recording_2022-11-22_15.23.12-events.txt","89","00b7ef996107cd698c304b1932cdcd2eacc4c86cb26b16acd4a16e265b0cb20d","2026-06-07 07:24:26"
"data/raw_plants/Ocimum/BYB_Recording_2022-11-22_15.26.00.wav","1030578","67605030aa1a3252f09a5fa6475b5b506a0b044e4de232810ae276e4b6709204","2026-06-07 07:24:26"
"data/raw_plants/Ocimum/BYB_Recording_2022-11-22_15.26.00-events.txt","88","77e33af2a242149c30d9c50fff288696d9510f4d01449617f6ed3d8abb302eaf","2026-06-07 07:24:26"
"data/raw_plants/Ocimum/BYB_Recording_2023-01-05_15.55.48.wav","683260","8fe9e3d9bf7d526ff9fdb91238b3c8350e1bf7a51c5fd09668432e8e9aae4b3d","2026-06-07 07:24:26"
"data/raw_plants/Ocimum/BYB_Recording_2023-01-05_15.55.48-events.txt","89","ba1ef7a6679fd9e38764e539f2a46dcc7b0a1539d9b43ba344d17da6e82535bd","2026-06-07 07:24:26"
"data/raw_plants/Ocimum/BYB_Recording_2023-01-05_16.04.29.wav","824070","e90716fbbc3f46df1f7d936d561b6c108468109d081ec9c7ebe41a74b2bec04b","2026-06-07 07:24:26"
"data/raw_plants/Ocimum/BYB_Recording_2023-01-05_16.04.29-events.txt","88","80e35d8c7073e13d1045c4cf442559f31fb1eb59acc15434ef265f7375ec7ab2","2026-06-07 07:24:26"
"data/raw_plants/Ocimum/BYB_Recording_2023-01-05_16.09.29.wav","919824","29415c0ecec3f47dc4cecaf803c23287238ecce1281a59eceabf950a8b2ab846","2026-06-07 07:24:26"
"data/raw_plants/Ocimum/BYB_Recording_2023-01-05_16.09.29-events.txt","89","04be77a2f78c36456d10c63a48119e5f2844c3f279762913051747937a18017c","2026-06-07 07:24:26"
"data/raw_plants/Ocimum/BYB_Recording_2023-01-05_16.11.36.wav","828452","efa18147fe2b48504dcd3fc785ac9cb9d0ec27945fbadd79cefe3126c039b5ae","2026-06-07 07:24:26"
"data/raw_plants/Ocimum/BYB_Recording_2023-01-05_16.11.36-events.txt","88","4417a70eaead2cc675452b906709ed410aa25f7f4ea1ae59fb16dbf3513865c8","2026-06-07 07:24:26"
"data/raw_plants/Ocimum/BYB_Recording_2023-01-05_16.20.15.wav","1025064","6aa4a716902e6ed3f9376a8c4473574fb5ed0d19a302ed828d9e95328618261c","2026-06-07 07:24:26"
"data/raw_plants/Ocimum/BYB_Recording_2023-01-05_16.20.15-events.txt","89","8adee8192071d88a996963b7052ac9e1781d8ab43e17fa8695217020209bc7dc","2026-06-07 07:24:26"
"data/raw_plants/Ocimum/BYB_Recording_2023-01-05_16.22.55.wav","984100","7e6ca079bc9b4809483d90c4c471f30d7f0a7b7484adf6116971740665b9867d","2026-06-07 07:24:26"
"data/raw_plants/Ocimum/BYB_Recording_2023-01-05_16.22.55-events.txt","88","45fa03a7afa8ad136dcec68c003a3034facf249cc5ad4bae0c3453354bfb08d1","2026-06-07 07:24:26"
"data/raw_plants/Ocimum/BYB_Recording_2023-02-06_22.15.56.wav","850022","b69829e19c1c9063622515ed2e75a553889451767762fde420e9baeaa691b728","2026-06-07 07:24:26"
"data/raw_plants/Ocimum/BYB_Recording_2023-02-06_22.15.56-events.txt","88","f71703ac66dd0bcf841175d9bcad106c9684f116969325a6c75843a34a9109c6","2026-06-07 07:24:26"
"data/raw_plants/Ocimum/BYB_Recording_2023-02-06_22.17.25.wav","845078","3aefa876042fefcff36240058c34ddf790f59db4987dc43a552299cc09ce6834","2026-06-07 07:24:26"
"data/raw_plants/Ocimum/BYB_Recording_2023-02-06_22.17.25-events.txt","89","74d19618258ae4ee9905dd0680532d06711526275071ae9a8f36f8393a9f5344","2026-06-07 07:24:26"
"data/raw_plants/Ocimum/BYB_Recording_2023-02-06_22.22.24.wav","1056982","f39a446e013609d15def9cfa4a5edbe4f0e1192eb1153ee1a750a9a5675ae142","2026-06-07 07:24:26"
"data/raw_plants/Ocimum/BYB_Recording_2023-02-06_22.22.24-events.txt","88","af99fcbdc953c725a241d50df62c0105f94153a60349d93e052356495469fc1e","2026-06-07 07:24:26"
"data/raw_plants/Ocimum/BYB_Recording_2023-02-06_22.24.00.wav","926136","5eb40ef7a831633ca49b54b8b0c87754c36cf3cba3bed5379ad81cb870c59f6e","2026-06-07 07:24:26"
"data/raw_plants/Ocimum/BYB_Recording_2023-02-06_22.24.00-events.txt","88","41bc27d41b6e098c788ff747a747e672429a1ea15021f2e8d3dcd28bf22b5253","2026-06-07 07:24:26"
"data/raw_plants/Ocimum/BYB_Recording_2023-02-06_22.28.29.wav","897194","9e56e78b17c1e6fc02fa9f8b8e91e8f655faefe278605d4d0fca92dfba3972b8","2026-06-07 07:24:26"
"data/raw_plants/Ocimum/BYB_Recording_2023-02-06_22.28.29-events.txt","88","c3b8c122e5a2bf92f29eef78608e3f8920ef6cf29191e1c2d8d345e01f049f54","2026-06-07 07:24:26"
"data/raw_plants/Ocimum/BYB_Recording_2023-02-06_22.30.13.wav","848332","ee5b0d83a95cdfe63cdba10312c774f45bac2b669990a7957dbfdae84de52820","2026-06-07 07:24:26"
"data/raw_plants/Ocimum/BYB_Recording_2023-02-06_22.30.13-events.txt","88","8143aac8347ac569b26e9bb20849c7b28b6f55ffbfc10ac2b4aabd60cd9770a0","2026-06-07 07:24:26"
"data/raw_plants/Ocimum/Danae/planta 1, exp 1 y 2/BYB_Recording_2023-03-02_21.35.43.wav","811074","8b605f6659119cdd40e166cf614002f37d08a8ab14ee858ca50e8a27547b5e42","2026-06-07 07:24:26"
"data/raw_plants/Ocimum/Danae/planta 1, exp 1 y 2/BYB_Recording_2023-03-02_21.35.43-events.txt","88","7a0c84df3bc8b45bfb3f02e253fa357cf87b46aff8f4b343714a86c6ac4bc865","2026-06-07 07:24:26"
"data/raw_plants/Ocimum/Danae/planta 1, exp 1 y 2/exp 2/BYB_Recording_2023-03-02_21.37.19.wav","817118","c3ce155459f3f412c2665dc86771210c8dd57872debeac8175543a4be54a55da","2026-06-07 07:24:26"
"data/raw_plants/Ocimum/Danae/planta 1, exp 1 y 2/exp 2/BYB_Recording_2023-03-02_21.37.19-events.txt","88","4ba99ff0fa3222d3c9c43d79081f161769757bc7d0e705987246254d69c3a077","2026-06-07 07:24:26"
"data/raw_plants/Ocimum/Danae/planta 2, exp 1 y 2/BYB_Recording_2023-03-02_21.40.04.wav","822162","609533678f5c4de971c62d262a206538389811f9431aa98b7c6b43ad522ff5c9","2026-06-07 07:24:26"
"data/raw_plants/Ocimum/Danae/planta 2, exp 1 y 2/BYB_Recording_2023-03-02_21.40.04-events.txt","88","f9c5c8b19dfabfce9c99f61d89962c1d4850e4833f62ff90fb22588b8648e3d9","2026-06-07 07:24:26"
"data/raw_plants/Ocimum/Danae/planta 2, exp 1 y 2/exp 2/BYB_Recording_2023-03-02_21.41.17.wav","814606","278dd783d1ce21ec6d10550cb4281cac4a7a5fec1a47f6eab1c3838489a34467","2026-06-07 07:24:26"
"data/raw_plants/Ocimum/Danae/planta 2, exp 1 y 2/exp 2/BYB_Recording_2023-03-02_21.41.17-events.txt","88","286b62fd176d6d345f00581240309f114f7e0e0b76747deb3d439fb418fc356e","2026-06-07 07:24:26"
"data/raw_plants/Ocimum/Danae/planta 3, exp 1 y 2/BYB_Recording_2023-03-02_21.44.28.wav","971600","8d700bc75ad722fabc3ede65d00d8cc8350f1ce1d582d208f9f0779e2a385351","2026-06-07 07:24:26"
"data/raw_plants/Ocimum/Danae/planta 3, exp 1 y 2/BYB_Recording_2023-03-02_21.44.28-events.txt","88","b7c0e39c77276c9d16f960423583112e08d798dbaea43f09573e6c880a2ca29b","2026-06-07 07:24:26"
"data/raw_plants/Ocimum/Danae/planta 3, exp 1 y 2/exp 2/BYB_Recording_2023-03-02_21.45.56.wav","815370","bf89f6eabc38a1ac7a1d0f62c081eeb33d06f7c34f9620208926d3e488c911ac","2026-06-07 07:24:26"
"data/raw_plants/Ocimum/Danae/planta 3, exp 1 y 2/exp 2/BYB_Recording_2023-03-02_21.45.56-events.txt","88","aa5af44c5cfb80f07de2c24121c7f1fbda7638be19e45281f8adb1186a86d312","2026-06-07 07:24:26"
"data/raw_plants/Ocimum/Munich Ocimum basilicum_1 Stimulus Fire BYB_Recording_2022-09-15_12.26.28.wav","1133132","64efd13069c2513db32473774945a53759d942f7e570973ba4f4ecd4aede8a07","2026-06-07 07:24:26"
"data/raw_plants/Ocimum/Munich Ocimum basilicum_1 Stimulus Fire BYB_Recording_2022-09-15_12.26.28-events.txt","74","aa2663ecd90d342db954407d6c8cd361a56b982964c8255047bf28e5731b4927","2026-06-07 07:24:26"
"data/raw_plants/Ocimum/Munich Ocimum basilicum_2 Stimulus Fire BYB_Recording_2022-09-15_12.43.24.wav","1217402","908781ae787925bb6b5078bf8cc99adc9ffa22c0ae2cd25e862f8e119f32292b","2026-06-07 07:24:26"
"data/raw_plants/Ocimum/Munich Ocimum basilicum_2 Stimulus Fire BYB_Recording_2022-09-15_12.43.24-events.txt","74","1b9fe63b12ab763904c53f482f1269d7f14cd3827d7ccaf3aed9b5bacbaa04f0","2026-06-07 07:24:26"
"data/raw_plants/Ocimum/Munich Ocimum basilicum_3 Stimulus Fire BYB_Recording_2022-09-15_12.49.01.wav","1121106","a052b2f8f96c22677fccf0cc79ce96af0f110f51fc0a3880bc178c78e4e5a0ef","2026-06-07 07:24:26"
"data/raw_plants/Ocimum/Munich Ocimum basilicum_3 Stimulus Fire BYB_Recording_2022-09-15_12.49.01-events.txt","74","ac857a21d1761646db9a52403730ecb6c7f949c5a3cd5e83fd1b8fcffbd535f9","2026-06-07 07:24:26"
"data/raw_plants/Origanum/BYB_Recording_2022-10-19_11.14.39.wav","962098","c119f58e41fd48427ec37d1d7f7b8ca092082720832f30f87383cf7147d9b0c2","2026-06-07 07:24:26"
"data/raw_plants/Origanum/BYB_Recording_2022-10-19_11.14.39-events.txt","77","4e0f12812ae6655ff7cd689f1a29ee1e7c8158f6f31dc5427c209cc54f897c3f","2026-06-07 07:24:26"
"data/raw_plants/Origanum/BYB_Recording_2022-10-19_11.18.14.wav","984598","ba71499cc7b4744baf90b569abbfc62e300ef65f845e20ceb4b05f5961e7e3f6","2026-06-07 07:24:26"
"data/raw_plants/Origanum/BYB_Recording_2022-10-19_11.18.14-events.txt","77","08f5e16b4de0980a6a9e59a19fa27efa95249cac8a971e2d084f6a21ad115aec","2026-06-07 07:24:26"
"data/raw_plants/Origanum/BYB_Recording_2022-10-19_11.22.43.wav","1167090","ace5c0e50233537c1348e75cef63a0bd1efbe022e028e9331c84403578420c3d","2026-06-07 07:24:26"
"data/raw_plants/Origanum/BYB_Recording_2022-10-19_11.22.43-events.txt","77","ef8a92ac554c351f6e6ce280ead4c3415c282bf8a8b079ccb6d887eadea01f12","2026-06-07 07:24:26"
"data/raw_plants/Origanum/BYB_Recording_2022-10-19_11.26.09.wav","991736","0c5640b8bba75e87dfa9cede5a8ed1f70a52a3ef51990fd837b7a7c2af4471a5","2026-06-07 07:24:27"
"data/raw_plants/Origanum/BYB_Recording_2022-10-19_11.26.09-events.txt","77","02a6730c747c14d380b9d5d008739252c7d8be00cd24ec737465fb3472f6fb2b","2026-06-07 07:24:26"
"data/raw_plants/Origanum/BYB_Recording_2022-11-23_15.31.45.wav","1056864","3910ff800537cf6053001bd9a49562f2b58967910c98b638a83a31274a3e7765","2026-06-07 07:24:27"
"data/raw_plants/Origanum/BYB_Recording_2022-11-23_15.31.45-events.txt","89","448e95cc4bc0fc75fb81d2a7889b85d04645bd9f1e3e40303f189a10d3e36c72","2026-06-07 07:24:27"
"data/raw_plants/Peperomia/BYB_Recording_2022-10-03_21.46.54.wav","563268","8d1c55d58abfb7aa65b9e4901dd29af756a4b099cedf5b40d3279d140b37205f","2026-06-07 07:24:27"
"data/raw_plants/Peperomia/BYB_Recording_2022-10-03_21.46.54-events.txt","77","36acb19fea2012a3af823276f442808b08287421fb3d81136f2c3ae29c8da617","2026-06-07 07:24:27"
"data/raw_plants/Peperomia/BYB_Recording_2022-10-03_21.49.27.wav","1901858","644c63e022d1cd6f306993a59421401db8a3eb0477ef729a98131527d16bdf31","2026-06-07 07:24:27"
"data/raw_plants/Peperomia/BYB_Recording_2022-10-03_21.49.27-events.txt","77","63a87e70c4c8a86958c2f57dd6f093135db53bb0dad785cfed81ec6c400136ed","2026-06-07 07:24:27"
"data/raw_plants/Peperomia/BYB_Recording_2022-10-03_21.54.51.wav","2222958","b4d7aaaaf200525f4d72e5845890e9e70f476432be70f687497522a46379137e","2026-06-07 07:24:27"
"data/raw_plants/Peperomia/BYB_Recording_2022-10-03_21.54.51-events.txt","77","0a445af202339350a850e5bf9492c9ce9bad9e925cf6cb6c23327958d040ab2b","2026-06-07 07:24:27"
"data/raw_plants/Peperomia/BYB_Recording_2022-10-03_21.59.35.wav","1324852","22dbfe4f9038e62c6f9ccfc80d5c8cec5604706ca73e61fb2f4d00727ec8bdb0","2026-06-07 07:24:27"
"data/raw_plants/Peperomia/BYB_Recording_2022-10-03_21.59.35-events.txt","77","a48b650073e91a93d05afe2623f6c19c21803f601f68688972064797aea73638","2026-06-07 07:24:27"
"data/raw_plants/Peperomia/Oct 9. 2022 - internal electrode wax flame plant/BYB_Recording_2022-10-09_19.52.57.wav","833554","6ddf11187f7a31551d5ec49463bcb3f14845259a87560c6d0d5686f8159e3794","2026-06-07 07:24:27"
"data/raw_plants/Peperomia/Oct 9. 2022 - internal electrode wax flame plant/BYB_Recording_2022-10-09_19.52.57-events.txt","77","91e18afa1455458cd6eb5636db34fc10a795c461be9961aae4e6e897ded81869","2026-06-07 07:24:27"
"data/raw_plants/Peperomia/Oct 9. 2022 - internal electrode wax flame plant/BYB_Recording_2022-10-09_19.56.01.wav","7436364","84eb602181c052773c393a9428298959d10f26ba286aa3a73de0f3e9bb763a89","2026-06-07 07:24:27"
"data/raw_plants/Peperomia/Oct 9. 2022 - internal electrode wax flame plant/BYB_Recording_2022-10-09_19.56.01-events.txt","79","ba70f02618d3d9bfe135c273de58d5e17ad69024dcbfa2130bcf821117947ab6","2026-06-07 07:24:27"
"data/raw_plants/Peperomia/Oct 9. 2022 - internal electrode wax flame plant/BYB_Recording_2022-10-09_20.03.45.wav","3032784","18f1293f3e61d74a622c77a5886ef27cca02a3d5293fcc130fd1d30c7119a4a6","2026-06-07 07:24:27"
"data/raw_plants/Peperomia/Oct 9. 2022 - internal electrode wax flame plant/BYB_Recording_2022-10-09_20.08.46.wav","5773790","ccdf2f12268e1108263b61f41be8ee9f9cf51e1de66193651d4b727aa898c3ab","2026-06-07 07:24:27"
"data/raw_plants/Peperomia/Oct 9. 2022 - internal electrode wax flame plant/BYB_Recording_2022-10-09_20.08.46-events.txt","79","edef1f019ec5dc5ebf92b430a9c1480b3863035bdc7689bf53d6b093ee16099e","2026-06-07 07:24:27"
"data/raw_plants/Plectranthus/BYB_Recording_2022-11-02_09.12.12.wav","1102502","901f01de9aaba32c92ae4a43c6e195d49fc32e334084589460d92aacf4567a73","2026-06-07 07:24:27"
"data/raw_plants/Plectranthus/BYB_Recording_2022-11-02_09.12.12-events.txt","90","80cf110fc653ccf3d72fc88d7cadced728a416aa2175cd2dd1ba49eeb0da64d7","2026-06-07 07:24:27"
"data/raw_plants/Plectranthus/BYB_Recording_2022-11-02_09.24.23.wav","1053592","96a0fbd3523242b07e401e80c759d591c2d7b13f6335749a5e050947e17dbb90","2026-06-07 07:24:27"
"data/raw_plants/Plectranthus/BYB_Recording_2022-11-02_09.24.23-events.txt","89","8c427548cc48ea99990ae3d7485d44b00db9c122204fdf0ef3ba8b52e3a39296","2026-06-07 07:24:27"
"data/raw_plants/Plectranthus/BYB_Recording_2022-11-02_09.27.51.wav","1149824","b57517d072307d5b88ec2c2376352449cd629745083fd78bee4b9ef090bab29f","2026-06-07 07:24:27"
"data/raw_plants/Plectranthus/BYB_Recording_2022-11-02_09.27.51-events.txt","89","5593e419bb9fc2b601acac2ca9fd7e5309897204424d5d8b67a850754f4dd49c","2026-06-07 07:24:27"
"data/raw_plants/Plectranthus/BYB_Recording_2023-01-05_16.56.14.wav","856412","029e6cc1f33cb558f5136d4e76227ecb23b73c67dfca8e08b98ab82df909cfa5","2026-06-07 07:24:27"
"data/raw_plants/Plectranthus/BYB_Recording_2023-01-05_16.56.14-events.txt","88","61971aa952574a787718ad6db02464599bb09a9e14ee181c8ce941b204d39cb5","2026-06-07 07:24:27"
"data/raw_plants/Plectranthus/BYB_Recording_2023-01-05_17.05.54.wav","807932","7a230d120bb5bc5e36cd3c73ed25e9b0ee7a538af9b6ac7b6b6d860b6de62e2c","2026-06-07 07:24:27"
"data/raw_plants/Plectranthus/BYB_Recording_2023-01-05_17.05.54-events.txt","89","bc202fe8a45789c65be5c71b56dca94039ef46ab6016146f0df01fce0a036706","2026-06-07 07:24:27"
"data/raw_plants/Plectranthus/BYB_Recording_2023-01-05_17.08.40.wav","819288","9f0236cb28939f10e6b206db5fcef1aea03bd02368c78e6b9a802e3ceefe9e6f","2026-06-07 07:24:27"
"data/raw_plants/Plectranthus/BYB_Recording_2023-01-05_17.08.40-events.txt","89","8f00552c7e94df65712e260117d54b7d5ce13d14bd785645709e606abad91fc5","2026-06-07 07:24:27"
"data/raw_plants/Plectranthus/BYB_Recording_2023-01-05_17.10.38.wav","821780","5c90adb6929f934d7adc48fb7a03b41ecd5fc6072d2ecc2e47970c77e9907635","2026-06-07 07:24:27"
"data/raw_plants/Plectranthus/BYB_Recording_2023-01-05_17.10.38-events.txt","89","8f39e452be1d668e6e940cae86f076b9d0f2cf9c1e28ee1c03d5237727265ffe","2026-06-07 07:24:27"
"data/raw_plants/Plectranthus/BYB_Recording_2023-01-05_17.13.54.wav","819650","12b744a8bc06d105587b6eadb1663e48c0be1768848817f882d49a939a44af95","2026-06-07 07:24:27"
"data/raw_plants/Plectranthus/BYB_Recording_2023-01-05_17.13.54-events.txt","88","8806a3c714eb86bacc2b1578cecb406dfdf74d19f2559495c547dd58798ba158","2026-06-07 07:24:27"
"data/raw_plants/Plectranthus/BYB_Recording_2023-01-05_17.15.43.wav","860290","ce718334bd57dbe67ec7d55728bb9836ef5491e58de751afe73271e071bd9057","2026-06-07 07:24:27"
"data/raw_plants/Plectranthus/BYB_Recording_2023-01-05_17.15.43-events.txt","89","4603cbc8d29d37a332cec54093bb35406c5b8cf7fd4ae46293e9510f807b162c","2026-06-07 07:24:27"
"data/raw_plants/Plectranthus/BYB_Recording_2023-01-05_17.18.38.wav","809680","68f6c665f5c99104eed34667362e1578fe5d1aa31019dc0c1a9e0fc39666a653","2026-06-07 07:24:27"
"data/raw_plants/Plectranthus/BYB_Recording_2023-01-05_17.18.38-events.txt","89","178c3ef02e142f7abe2c53444cbfa2ec215b7585c557791b2e155550332605b3","2026-06-07 07:24:27"
"data/raw_plants/Plectranthus/BYB_Recording_2023-01-05_17.20.37.wav","836292","bde9022a41c1bd76a3185705acf53af5df92f38731471888251e55b6b0f95d14","2026-06-07 07:24:27"
"data/raw_plants/Plectranthus/BYB_Recording_2023-01-05_17.20.37-events.txt","88","7b51d7cf73af57f2fbf61542e9755ffc8e1f2fe7ddeb7fff325b19af2dde158a","2026-06-07 07:24:27"
"data/raw_plants/Plectranthus/BYB_Recording_2023-02-06_22.50.00.wav","833158","135480f6ea911ee6605f1d4dae3f87d936a6ab46f9d0c7acf09110f8bf3ceefc","2026-06-07 07:24:27"
"data/raw_plants/Plectranthus/BYB_Recording_2023-02-06_22.50.00-events.txt","88","09c268272c007dea9e0ac95306dcf3161e1377bae79ea9bf11190598be27f594","2026-06-07 07:24:27"
"data/raw_plants/Plectranthus/Plectranthus danae/planta 1 13-02-23/BYB_Recording_2023-02-13_10.17.47.wav","857358","0a65417cd5037848764d5a99b25e29e6cfbbc903c596d5a188c29351f406ae9b","2026-06-07 07:24:27"
"data/raw_plants/Plectranthus/Plectranthus danae/planta 1 13-02-23/BYB_Recording_2023-02-13_10.17.47-events.txt","88","54f76c9af651e5b8e7c51219f8c9e834962ea17196375c8175a80c791b6691d6","2026-06-07 07:24:27"
"data/raw_plants/Plectranthus/Plectranthus danae/planta 1 13-02-23/BYB_Recording_2023-02-13_10.20.03.wav","847066","aa5ba9ba76098d059c379f28c49d3cc4c00970c4ecfeaa43bb16c2fab8363bc2","2026-06-07 07:24:27"
"data/raw_plants/Plectranthus/Plectranthus danae/planta 1 13-02-23/BYB_Recording_2023-02-13_10.20.03-events.txt","88","bfb050f34e8c2d762a3672f12f40b2dd6ca9e5ab3e585b14e3f6684ebfd30dad","2026-06-07 07:24:27"
"data/raw_plants/Plectranthus/Plectranthus danae/planta 1, exp 1 y 2/BYB_Recording_2023-03-02_22.01.17.wav","857938","7ad8406ef0611fd973520806c1452829622c223071fd45d01ecedd363af73f78","2026-06-07 07:24:27"
"data/raw_plants/Plectranthus/Plectranthus danae/planta 1, exp 1 y 2/BYB_Recording_2023-03-02_22.01.17-events.txt","88","6ae1bf2004ca1dd2c0642dfce456c27b94214495c9992ed0ca13e0d2225225e2","2026-06-07 07:24:27"
"data/raw_plants/Plectranthus/Plectranthus danae/planta 1, exp 1 y 2/exp 2/BYB_Recording_2023-03-02_22.02.24.wav","870502","bdc3a013b2736db2cf8220afa256d25cb97330a241a76f54828bd4063873c4a9","2026-06-07 07:24:27"
"data/raw_plants/Plectranthus/Plectranthus danae/planta 1, exp 1 y 2/exp 2/BYB_Recording_2023-03-02_22.02.24-events.txt","88","671249d45ae72e154a84100858c0daa6a8c45623e6721230656d7e264f65d33a","2026-06-07 07:24:27"
"data/raw_plants/Plectranthus/Plectranthus danae/planta 2 13-02-23/BYB_Recording_2023-02-13_10.26.32.wav","854082","5eace1dfbacbeb64d81db7eb9703c2a7b4f2d4cc02c9e34a755ad3962606383c","2026-06-07 07:24:27"
"data/raw_plants/Plectranthus/Plectranthus danae/planta 2 13-02-23/BYB_Recording_2023-02-13_10.26.32-events.txt","88","e0fed76f61df588140a59df3ad02bc491a02b17ba034c63d066fcf1aa5d1a8e1","2026-06-07 07:24:27"
"data/raw_plants/Plectranthus/Plectranthus danae/planta 2 13-02-23/BYB_Recording_2023-02-13_10.28.05.wav","857820","97023e204443516e01bf6deb49449a6e2f3d449b55cb28a79b52d46222bd803d","2026-06-07 07:24:27"
"data/raw_plants/Plectranthus/Plectranthus danae/planta 2 13-02-23/BYB_Recording_2023-02-13_10.28.05-events.txt","88","48cc5cb741dc5199370c0c8b4afe1d1795e2227010e0d869c7b8db2b5830fa77","2026-06-07 07:24:27"
"data/raw_plants/Plectranthus/Plectranthus danae/planta 2,exp 1 y 2/BYB_Recording_2023-03-02_22.05.09.wav","837800","3e755cc1a342ebced2622864a1e6f0c798843520783c1337de44ba24fc076cba","2026-06-07 07:24:27"
"data/raw_plants/Plectranthus/Plectranthus danae/planta 2,exp 1 y 2/BYB_Recording_2023-03-02_22.05.09-events.txt","88","5fc31edcf1e10244ddf859481cefca7aa682138e12e8adef983a6555d163b56f","2026-06-07 07:24:27"
"data/raw_plants/Plectranthus/Plectranthus danae/planta 2,exp 1 y 2/exp 2/BYB_Recording_2023-03-02_22.06.33.wav","920548","107c0356ffca445f0fafa05ff9fb8d6bbdb8ac8b5e3ba98872c1c902467fdfef","2026-06-07 07:24:27"
"data/raw_plants/Plectranthus/Plectranthus danae/planta 2,exp 1 y 2/exp 2/BYB_Recording_2023-03-02_22.06.33-events.txt","88","887891c03d12bb62d6bfe8614bfc980376d23b9fb2a16ab619b1cacae99ec175","2026-06-07 07:24:27"
"data/raw_plants/Plectranthus/Plectranthus danae/planta 3 13-02-23/BYB_Recording_2023-02-13_10.30.35.wav","859850","b3121f37e326912d1df64c57eb8e71d1be6c604924f8898b22ba02136eda8077","2026-06-07 07:24:27"
"data/raw_plants/Plectranthus/Plectranthus danae/planta 3 13-02-23/BYB_Recording_2023-02-13_10.30.35-events.txt","88","c843593246629faad0fefd7230641cee42f42a282d30bf352effc8032ea947e4","2026-06-07 07:24:27"
"data/raw_plants/Plectranthus/Plectranthus danae/planta 3 13-02-23/BYB_Recording_2023-02-13_10.32.17.wav","977450","be600341ed4c5f1375a14cca78653d9507f408da1cf774e6a62bf8717d08a722","2026-06-07 07:24:27"
"data/raw_plants/Plectranthus/Plectranthus danae/planta 3 13-02-23/BYB_Recording_2023-02-13_10.32.17-events.txt","89","3ad453272afd4d525c5f804fc33249ce64b54d5a6d7035c3414a768da76d4902","2026-06-07 07:24:27"
"data/raw_plants/Plectranthus/Santiago de Chile Plectranthus_1 Stimulus Fire BYB_Recording_2022-08-22_10.43.38.wav","2697246","680ef8a10818dbb44a434eef4e1ffa7106cd298182e3f007547b5a50bb9b8817","2026-06-07 07:24:27"
"data/raw_plants/Plectranthus/Santiago de Chile Plectranthus_1 Stimulus Fire BYB_Recording_2022-08-22_10.43.38-events.txt","140","77e320c00ab8ec67693cbfc738afc3a58c51f7c3c2081f0f456e68fbeabaf6dd","2026-06-07 07:24:27"
"data/raw_plants/Plectranthus/Santiago de Chile Plectranthus_1 Stimulus Fire BYB_Recording_2022-08-22_10.46.07.wav","1824788","fabd7cd49e2ef1583e2e8fe0c1ef2abbc1d407018aee11d4507f4eadca938ba5","2026-06-07 07:24:27"
"data/raw_plants/Plectranthus/Santiago de Chile Plectranthus_1 Stimulus Fire BYB_Recording_2022-08-22_10.46.07-events.txt","102","b87c773cc1e09c7afa092c9ac49c094a39f14f70a4c0df0a37733d0781cb15a9","2026-06-07 07:24:27"
"data/raw_plants/Plectranthus/Santiago de Chile Plectranthus_1 Stimulus Fire BYB_Recording_2022-08-22_10.50.39.wav","1710530","780e53dbc18b75bcbce99cdc726e0b835c63d4ec199acf96d0729b403c1d088e","2026-06-07 07:24:27"
"data/raw_plants/Plectranthus/Santiago de Chile Plectranthus_1 Stimulus Fire BYB_Recording_2022-08-22_10.50.39-events.txt","78","3c202521f340c5be808d91a1f55c625d04b82d8697f1262ea38421c66a850338","2026-06-07 07:24:27"
"data/raw_plants/Plectranthus/Santiago de Chile Plectranthus_1 Stimulus Fire BYB_Recording_2022-08-22_10.56.16.wav","901238","4365267ea2387e42052482e90e617056f581630147ba5346a47c142018e1773f","2026-06-07 07:24:27"
"data/raw_plants/Plectranthus/Santiago de Chile Plectranthus_1 Stimulus Fire BYB_Recording_2022-08-22_10.56.16-events.txt","90","4c57f545f6f66fffa1a9b0df530dcbd124832842766a8716627436c1afe6d42a","2026-06-07 07:24:27"
"data/raw_plants/Polypodiopsida/BYB_Recording_2022-10-19_10.59.35.wav","1226898","d732286db3e23af453370cca75015607cb381463379e75c2d475d9f5e9642ec6","2026-06-07 07:24:27"
"data/raw_plants/Polypodiopsida/BYB_Recording_2022-10-19_10.59.35-events.txt","78","ba127dfde0949d8eda815a2bb63fc70ac066ae8e2bc5e76b2c98ccbbfd351978","2026-06-07 07:24:27"
"data/raw_plants/Polypodiopsida/BYB_Recording_2022-10-19_11.03.45.wav","585400","52a6cfbdaf5796c4eef44f22f3ae8406513b61122981f45ee1dbca75f2497517","2026-06-07 07:24:27"
"data/raw_plants/Polypodiopsida/BYB_Recording_2022-10-19_11.03.45-events.txt","77","f9311229963e6f8583a3830abc00973fc1d46977657a112d93f3cf65eef5932b","2026-06-07 07:24:27"
"data/raw_plants/Polypodiopsida/BYB_Recording_2022-10-19_11.07.36.wav","983660","1ec48a02c6a80854fbd6b77a92227704c52a0aee4c6306961f3c8b2e52f65ede","2026-06-07 07:24:27"
"data/raw_plants/Polypodiopsida/BYB_Recording_2022-10-19_11.07.36-events.txt","78","32d47bf6721500f6b790f741fed13fc87c66d6c7d106bf980412fdf8f9ed65bf","2026-06-07 07:24:27"
"data/raw_plants/Polypodiopsida/BYB_Recording_2022-11-23_15.03.21.wav","1094638","cb238f31ca90bc1a9459e29addb97154e1935cb936430557ddb57884b9ce45b0","2026-06-07 07:24:27"
"data/raw_plants/Polypodiopsida/BYB_Recording_2022-11-23_15.03.21-events.txt","90","db67b373ee73e649ef9517a15480539f782584f04e816b7e11fc1853d2180b10","2026-06-07 07:24:27"
"data/raw_plants/Polypodiopsida/BYB_Recording_2022-11-23_15.06.43.wav","1027302","1bbd10d1742dc3621461efb1e0219289abd1131e2d0742cd0768d358082e0589","2026-06-07 07:24:27"
"data/raw_plants/Polypodiopsida/BYB_Recording_2022-11-23_15.06.43-events.txt","90","a901a47882051e36f77210599777282e5c24bd001ad33125cab0d5b3e7d30a18","2026-06-07 07:24:27"
"data/raw_plants/Rosa/BYB_Recording_2023-08-30_18.57.08.wav","1004224","4f9881e36925e393d7c043747f4e4cd1528413c94e9616db83865ad64a6547b0","2026-06-07 07:24:27"
"data/raw_plants/Rosa/BYB_Recording_2023-08-30_18.57.08-events.txt","78","270f18c140eacad6ce98eaad09b2ad25eb850a91eed967673c43aa625d3d75af","2026-06-07 07:24:27"
"data/raw_plants/Rosa/BYB_Recording_2023-08-30_21.26.11.wav","269700","496155e59452791b2abe09f3eafec92731c333f3fed0281f0714ca729e86f516","2026-06-07 07:24:27"
"data/raw_plants/Ruta/BYB_Recording_2023-02-06_21.55.22.wav","914820","187c4da8985f1d67ad86174f4eb220efa2cf0355dbb61fc5523ca686d2c7afdd","2026-06-07 07:24:27"
"data/raw_plants/Ruta/BYB_Recording_2023-02-06_21.55.22-events.txt","88","52429db0249c0b16a56ee9177348deac4e04bde5fe04d9bf6ca9e06a91dc713b","2026-06-07 07:24:27"
"data/raw_plants/Ruta/BYB_Recording_2023-02-06_21.58.28.wav","949130","b1a8aaf5c39670f585d3f9c6f1b483b70ace23211c62ce94ea347772fe43755f","2026-06-07 07:24:27"
"data/raw_plants/Ruta/BYB_Recording_2023-02-06_21.58.28-events.txt","88","1a72957c00694feae96d1d980df59e42068e28d3355f32a159d763c6d5c9b806","2026-06-07 07:24:27"
"data/raw_plants/Ruta/BYB_Recording_2023-02-06_22.02.13.wav","909516","c7c613df722c5d53c0c57b57baba11d89af331ac444f74cdcc92fc7c3b1063a2","2026-06-07 07:24:27"
"data/raw_plants/Ruta/BYB_Recording_2023-02-06_22.02.13-events.txt","88","b98006f828940794248750cc12f2bc29192702576d5f07a122ab40c6f7bc0de8","2026-06-07 07:24:27"
"data/raw_plants/Ruta/BYB_Recording_2023-02-06_22.04.24.wav","934116","934a03bf53e5034002245c6ddb8e5c6dec5b249fd962f24e49b0e98dc237f219","2026-06-07 07:24:27"
"data/raw_plants/Ruta/BYB_Recording_2023-02-06_22.04.24-events.txt","88","e1753eec1df294627fb6f11cb973b09b0c481192b500394dac6f371fde7c591f","2026-06-07 07:24:27"
"data/raw_plants/Ruta/BYB_Recording_2023-02-06_22.08.58.wav","981670","5d93c43fe0137f614ce5a660d1429d60c66dcf9537a6063aafb658782a397f89","2026-06-07 07:24:27"
"data/raw_plants/Ruta/BYB_Recording_2023-02-06_22.08.58-events.txt","88","a5d3b110c389f2415cf128aff5c400929f0224453f9a1abe4e8bb57dd6484811","2026-06-07 07:24:27"
"data/raw_plants/Ruta/BYB_Recording_2023-02-06_22.12.52.wav","810008","7bfcbe90d0b5e8e51085e6dd7032360044143927701eb375966b7da87e567337","2026-06-07 07:24:27"
"data/raw_plants/Ruta/BYB_Recording_2023-02-06_22.12.52-events.txt","88","dc7a90290fc7ef642d2c34fe80627c54928a91aa147768fa8fcdd169d85592b0","2026-06-07 07:24:27"
"data/raw_plants/Ruta/planta 1 13-02-23/BYB_Recording_2023-02-13_09.56.23.wav","864674","de7b9b7558c4634cd3b82ce4eca944dc862e271197d716a66b80ee29ecef10bd","2026-06-07 07:24:27"
"data/raw_plants/Ruta/planta 1 13-02-23/BYB_Recording_2023-02-13_09.56.23-events.txt","88","28352b225d30c6f688e52ba0f4a0242ee4106f2a57535289844bc7aa3e349f71","2026-06-07 07:24:27"
"data/raw_plants/Ruta/planta 1 13-02-23/BYB_Recording_2023-02-13_09.58.30.wav","852132","d957b36ddf39981a156e5a5d98cc5ea159875e172451192d1c53497be431a5b9","2026-06-07 07:24:27"
"data/raw_plants/Ruta/planta 1 13-02-23/BYB_Recording_2023-02-13_09.58.30-events.txt","88","33eb7f56bcc3f272cf03bd442f72eff7af07ec004fe14d611260630611b8b473","2026-06-07 07:24:27"
"data/raw_plants/Ruta/planta 1, 2 experimentos/BYB_Recording_2023-03-20_20.11.48.wav","1803746","1231894afc87d05d60f9d085a5113b933f7f115ce183d7b0f1cdd72a033ef6b8","2026-06-07 07:24:27"
"data/raw_plants/Ruta/planta 1, 2 experimentos/BYB_Recording_2023-03-20_20.11.48-events.txt","88","b6da5cdca8bcc97d83a1dae113323c239130bda6012945a14d1be1fc937ca79b","2026-06-07 07:24:27"
"data/raw_plants/Ruta/planta 1, 2 experimentos/BYB_Recording_2023-03-20_20.17.37.wav","837922","b11b4cecfa691b1540e2cc9e5ea2b6c4e0e2f75faa5e5d958ee304ed336ef821","2026-06-07 07:24:27"
"data/raw_plants/Ruta/planta 1, 2 experimentos/BYB_Recording_2023-03-20_20.17.37-events.txt","88","cd93ecf41d88bf4bbf4f84d0a32148e1ff964390a7641101302a7703b333617e","2026-06-07 07:24:27"
"data/raw_plants/Ruta/planta 1,exp 1 y 2/BYB_Recording_2023-03-02_21.07.30.wav","780054","4993736c24dd6e69aa86b213a9971126f9837702645cbb63d9d5c0bffcfc5c51","2026-06-07 07:24:27"
"data/raw_plants/Ruta/planta 1,exp 1 y 2/BYB_Recording_2023-03-02_21.07.30-events.txt","89","40acfc4d560a3d56d7da626385a871a9d4041995dd5061cd966c501bf1b215ec","2026-06-07 07:24:27"
"data/raw_plants/Ruta/planta 1,exp 1 y 2/exp 2/BYB_Recording_2023-03-02_21.15.27.wav","781020","41edc931ab07e69da8662e07300648c1139ba9c6c64622dc109a6611e6f72bb4","2026-06-07 07:24:27"
"data/raw_plants/Ruta/planta 1,exp 1 y 2/exp 2/BYB_Recording_2023-03-02_21.15.27-events.txt","88","c994fa8957f977243f0707ddd3bf8f88a2c5d1a560f9e9dcf1bf849e1b7cd524","2026-06-07 07:24:27"
"data/raw_plants/Ruta/planta 2 13-02-23/BYB_Recording_2023-02-13_10.01.03.wav","850684","ef181e406c9e9968b9f706427c6849d715c3e2fd6deacc5a6c69135703fc79ca","2026-06-07 07:24:27"
"data/raw_plants/Ruta/planta 2 13-02-23/BYB_Recording_2023-02-13_10.01.03-events.txt","88","7b3687649b1782dede47b332d93f693497e3158a4704942921581bb781d018b8","2026-06-07 07:24:27"
"data/raw_plants/Ruta/planta 2 13-02-23/BYB_Recording_2023-02-13_10.03.13.wav","882160","aaa5c4138b1935b0c2c3890ac4e0797ba16ddaff757a0441d05ceb18ccac04d8","2026-06-07 07:24:27"
"data/raw_plants/Ruta/planta 2 13-02-23/BYB_Recording_2023-02-13_10.03.13-events.txt","88","e553077027a231f0c1fad75822e4f5fe6f64677dda36b6a937372c7c0398239a","2026-06-07 07:24:27"
"data/raw_plants/Ruta/planta 2, 2 experimentos/BYB_Recording_2023-03-20_20.43.11.wav","819210","2b2dd7b4068c2c6137ba9a1515f35b04ff8ebfb1b69e77eff5a466a7a257f2dd","2026-06-07 07:24:27"
"data/raw_plants/Ruta/planta 2, 2 experimentos/BYB_Recording_2023-03-20_20.43.11-events.txt","88","574ebc694caf8a8c872fbe4cb8e6ab3134c23317c4d63f0869716fe3845e7d47","2026-06-07 07:24:27"
"data/raw_plants/Ruta/planta 2, 2 experimentos/BYB_Recording_2023-03-20_20.45.36.wav","1054934","4a40f593aadb8cb54fd85d8369e33f290ec75ef91f95565f8393f30c84f2bd40","2026-06-07 07:24:27"
"data/raw_plants/Ruta/planta 2, 2 experimentos/BYB_Recording_2023-03-20_20.45.36-events.txt","88","60542ef7e1d5e8f3948c67d9c0d339fd6d528cdbe5afc0e22464b8c6664f7c63","2026-06-07 07:24:27"
"data/raw_plants/Ruta/planta 2, exp 1 y 2/BYB_Recording_2023-03-02_21.21.35.wav","809822","89f6a4ada8032a70b720aad42ac9d2a8b8a1384e722704db04eb34eacaa9b74d","2026-06-07 07:24:27"
"data/raw_plants/Ruta/planta 2, exp 1 y 2/BYB_Recording_2023-03-02_21.21.35-events.txt","88","6d0d2a0bd4ac178cab27eec0c89993898513389c92322b1e7e212919af6252e4","2026-06-07 07:24:27"
"data/raw_plants/Ruta/planta 2, exp 1 y 2/exp 2/BYB_Recording_2023-03-02_21.24.08.wav","1059834","f04707f5613cf9c7a90ae07c00f2ee92fb1bb1edb3496070d9c13ae46fda1e96","2026-06-07 07:24:27"
"data/raw_plants/Ruta/planta 2, exp 1 y 2/exp 2/BYB_Recording_2023-03-02_21.24.08-events.txt","89","a1bc69310cf57c79ea35b46ef401cbd64eb6290e46df0af6f9959c5edddd215b","2026-06-07 07:24:27"
"data/raw_plants/Ruta/planta 3  13-02-23/BYB_Recording_2023-02-13_10.04.53.wav","906278","038d2f84b637c8017393057faef52aaf82be8a6a5e4a22977ad7fda765ad204c","2026-06-07 07:24:27"
"data/raw_plants/Ruta/planta 3  13-02-23/BYB_Recording_2023-02-13_10.04.53-events.txt","89","bc1799cb9e4da807735999cd202de8ad1b4d10ef62080c37004a9d9540af0c9b","2026-06-07 07:24:27"
"data/raw_plants/Ruta/planta 3  13-02-23/BYB_Recording_2023-02-13_10.06.15.wav","1029206","fb09c68e2ca81287a61b4ba221d2c690e7d48b98edcd513902a7cf5e00210d6f","2026-06-07 07:24:27"
"data/raw_plants/Ruta/planta 3  13-02-23/BYB_Recording_2023-02-13_10.06.15-events.txt","88","28b8a4ef483da913ccf38386bc9f86c73507bb87eff7815478dba7d15a2ba281","2026-06-07 07:24:27"
"data/raw_plants/Ruta/planta 3, 2 experimentos/BYB_Recording_2023-03-20_20.51.23.wav","1166704","3aadcd2fcc6e4b27f73c0c6086545cbee8d6e0db60dec0d71650fc8bc91b4ade","2026-06-07 07:24:27"
"data/raw_plants/Ruta/planta 3, 2 experimentos/BYB_Recording_2023-03-20_20.51.23-events.txt","88","f829a076e5545bea5ede3a5674c75e509353e81faa8ed67e4b6b6a2cf606e4ea","2026-06-07 07:24:27"
"data/raw_plants/Ruta/planta 3, 2 experimentos/BYB_Recording_2023-03-20_20.54.55.wav","811430","76aab2026908dd6fe65accadff4cdcce82c19f09855090aa80728a7d05aa7bab","2026-06-07 07:24:27"
"data/raw_plants/Ruta/planta 3, 2 experimentos/BYB_Recording_2023-03-20_20.54.55-events.txt","88","22dd4b1db0711cbf60489b12817514ada45a995f5d2b2204710280eac2b3073a","2026-06-07 07:24:27"
"data/raw_plants/Ruta/planta 3, exp 1 y 2/BYB_Recording_2023-03-02_21.27.10.wav","817118","b52bd0316ce7a1ecc094a4ac3dbdc14da67f8f6f5ad85f9fa9c38c3764f199a9","2026-06-07 07:24:27"
"data/raw_plants/Ruta/planta 3, exp 1 y 2/BYB_Recording_2023-03-02_21.27.10-events.txt","88","0db041839068e6b87f94935d99379bc3a956ef84bf6f7ee6ddcb2473831a9bdd","2026-06-07 07:24:27"
"data/raw_plants/Ruta/planta 3, exp 1 y 2/exp 2/BYB_Recording_2023-03-02_21.29.50.wav","801360","57cc262eaa10a9f9c7072236f905973c81d02991e19f95bfa94a4c15b7a2ca9b","2026-06-07 07:24:27"
"data/raw_plants/Ruta/planta 3, exp 1 y 2/exp 2/BYB_Recording_2023-03-02_21.29.50-events.txt","88","aab4d85c4c3e971c5d1a6e9b4979a1e5bcfdfc7eb91bcbf5dbad689ce5d475d9","2026-06-07 07:24:27"
"data/raw_plants/Ruta/ruta colegio/BYB_Recording_2022-10-25_11.36.44.wav","904322","998229e318a3f63f2c517ab5745871100ed1a3c2095967fd67e99c7cd8cf3d30","2026-06-07 07:24:27"
"data/raw_plants/Ruta/ruta colegio/BYB_Recording_2022-10-25_11.36.44-events.txt","88","152b8ad7b2b9a3fe47ce47132a8bb146dcb27d4a228f4f2e1dc953cd09a7d256","2026-06-07 07:24:27"
"data/raw_plants/Ruta/ruta colegio/BYB_Recording_2022-10-25_11.41.01.wav","908106","56307d698c709310d0cffee4bfe630ce54ebe65d051614af7eec6dbfe547587f","2026-06-07 07:24:27"
"data/raw_plants/Ruta/ruta colegio/BYB_Recording_2022-10-25_11.41.01-events.txt","88","c27c11510c0052589da076761726e7a443bab7d5f8c2dbfddf8c1dc3671758da","2026-06-07 07:24:27"
"data/raw_plants/Ruta/ruta colegio/BYB_Recording_2022-12-02_14.49.44.wav","719462","ffc8beb03d91b66b85faee15aeb3df528073f145448a16f9ae80eb704bb70fb4","2026-06-07 07:24:27"
"data/raw_plants/Ruta/ruta colegio/BYB_Recording_2022-12-02_14.49.44-events.txt","89","40311bef5f47b5ea2c4097a119e1ea5c4408a7040e7447ca480b8ed2cb7929e6","2026-06-07 07:24:27"
"data/raw_plants/Ruta/ruta colegio/BYB_Recording_2022-12-02_14.52.59.wav","907240","c286f817f934d5e60554ae9161c79ebcfdee1dc5c26cf3091f59fafa09389e04","2026-06-07 07:24:27"
"data/raw_plants/Ruta/ruta colegio/BYB_Recording_2022-12-02_14.52.59-events.txt","86","ccf7497a4823340a525f454db3e0f2b30239e2e51bd1068b3cd33f77978c486b","2026-06-07 07:24:27"
"data/raw_plants/Ruta/ruta colegio/BYB_Recording_2022-12-02_14.55.37.wav","983416","ca4530a73e669e2c16c69105a2af9fbf3409d8f8183a65d05434c7bc06880f6f","2026-06-07 07:24:27"
"data/raw_plants/Ruta/ruta colegio/BYB_Recording_2022-12-02_14.55.37-events.txt","86","0ecb767e9340f0c94f0f38dd7310ab07b6d8e54a9448d0a995c3e83cfe8394b8","2026-06-07 07:24:27"
"data/raw_plants/Ruta/ruta colegio/BYB_Recording_2022-12-02_14.56.37.wav","977368","6b93e9e8f53f0e04ec4a92ad05f5d9274edfd9e2309edfe03d9ff124ef56dddd","2026-06-07 07:24:27"
"data/raw_plants/Ruta/ruta colegio/BYB_Recording_2022-12-02_14.56.37-events.txt","89","4aff49e015dd71a2ef2d510ca80952f290b31f4f4f6a38607d2c826857530dbb","2026-06-07 07:24:27"
"data/raw_plants/Ruta/ruta colegio/BYB_Recording_2023-01-05_17.18.38.wav","809680","68f6c665f5c99104eed34667362e1578fe5d1aa31019dc0c1a9e0fc39666a653","2026-06-07 07:24:27"
"data/raw_plants/Ruta/ruta colegio/BYB_Recording_2023-01-05_17.18.38-events.txt","89","178c3ef02e142f7abe2c53444cbfa2ec215b7585c557791b2e155550332605b3","2026-06-07 07:24:27"
"data/raw_plants/Ruta/ruta colegio/BYB_Recording_2023-01-05_17.20.37.wav","836292","bde9022a41c1bd76a3185705acf53af5df92f38731471888251e55b6b0f95d14","2026-06-07 07:24:27"
"data/raw_plants/Ruta/ruta colegio/BYB_Recording_2023-01-05_17.20.37-events.txt","88","7b51d7cf73af57f2fbf61542e9755ffc8e1f2fe7ddeb7fff325b19af2dde158a","2026-06-07 07:24:27"
"data/raw_plants/Ruta/ruta colegio/BYB_Recording_2023-01-05_17.24.54.wav","817840","136d664989d54e58295acaccbb4d54fe05366627b4e569635036084cd1be9af1","2026-06-07 07:24:27"
"data/raw_plants/Ruta/ruta colegio/BYB_Recording_2023-01-05_17.24.54-events.txt","89","3343c7f2eac2b636274d6325c73c08580c179e8a0cef4e7e932e786a52a6cfc7","2026-06-07 07:24:27"
"data/raw_plants/Ruta/ruta colegio/BYB_Recording_2023-01-05_17.27.12.wav","801338","681978cf3969aafb0de15accf8cf28ffbc6c92176a733ab0dc37e1bfccc6462c","2026-06-07 07:24:27"
"data/raw_plants/Ruta/ruta colegio/BYB_Recording_2023-01-05_17.27.12-events.txt","88","a75a811186e7f909adffe7606aeed61f596f1f66805a5399c47276931dd51ac0","2026-06-07 07:24:27"
"data/raw_plants/Ruta/ruta colegio/BYB_Recording_2023-01-05_17.34.04.wav","816736","396dcd464e55b5ae54c964a879e6411dc11d67e5cc2f9d0c58e9aef388ffa371","2026-06-07 07:24:27"
"data/raw_plants/Ruta/ruta colegio/BYB_Recording_2023-01-05_17.34.04-events.txt","88","037767aac4d3ebdedfb7fc51cb42101d0a0f11cb5a45a26c908b2b714b1d8b69","2026-06-07 07:24:27"
"data/raw_plants/Ruta/ruta colegio/BYB_Recording_2023-01-05_17.37.12.wav","811430","61d20965ddc7d798d684799272379c6cecd29cc9a8d8ed0aea46fcaae163bb76","2026-06-07 07:24:27"
"data/raw_plants/Ruta/ruta colegio/BYB_Recording_2023-01-05_17.37.12-events.txt","88","8c92b5d0570adbc7732f56711cfc3ade769727c19b9833806eca26a07579a650","2026-06-07 07:24:27"
"data/raw_plants/Salvia/BYB_Recording_2022-11-15_14.51.13.wav","1032684","c688d6879e264a54682b1c3fd7d869cb406bb6033c153748e7559bc845470cb8","2026-06-07 07:24:27"
"data/raw_plants/Salvia/BYB_Recording_2022-11-15_14.51.13-events.txt","89","bd27401e18a55ab3b233bb992593d0df0aa028b970dd18c941ffc74a170a8ebe","2026-06-07 07:24:27"
"data/raw_plants/Salvia/BYB_Recording_2022-11-15_14.58.32.wav","999610","47a0513f07cda623a52dc0e8d9019ac54d158da01d422a84096d5c1c1c11e0aa","2026-06-07 07:24:28"
"data/raw_plants/Salvia/BYB_Recording_2022-11-15_14.58.32-events.txt","89","9b4b9876f512403a1c4d31c32d93b6272ce6de9718c14a40b299f6c5882efe06","2026-06-07 07:24:27"
"data/raw_plants/Salvia/BYB_Recording_2022-12-12_12.59.55.wav","639596","14572f224f230fd4afc815b3909052ce6865a681b40347fad78c02a27ef94685","2026-06-07 07:24:28"
"data/raw_plants/Salvia/BYB_Recording_2022-12-12_12.59.55-events.txt","89","6788821db3a836d722665242130402fbfafa6755fe563028020354da980baa97","2026-06-07 07:24:28"
"data/raw_plants/Salvia/BYB_Recording_2022-12-12_13.02.00.wav","1255580","b2d5e4395d7df34cf8c85d1923cef52b0b6038e8feaa4c5ab4dd68a47402d2c8","2026-06-07 07:24:28"
"data/raw_plants/Salvia/BYB_Recording_2022-12-12_13.02.00-events.txt","90","8e5d9917a384764b9ac32e99f85fb5fe11880d6e0b6eb6f03050c63916dbd761","2026-06-07 07:24:28"
"data/raw_plants/Salvia/BYB_Recording_2022-12-12_13.07.49.wav","746650","fb11659db5060dff20a5ffab642743b43560e30e6e65599392360f0e8b28fba3","2026-06-07 07:24:28"
"data/raw_plants/Salvia/BYB_Recording_2022-12-12_13.07.49-events.txt","89","519ee5e13b7d3f823cb93f7db7e6640676a6b175fe3b33073024250ccd0fc908","2026-06-07 07:24:28"
"data/raw_plants/Salvia/BYB_Recording_2022-12-12_13.12.56.wav","620098","1a791b1655058be493b4ee3867cc1feac06003f9b0b79f6cc886eb2fa7c29a3a","2026-06-07 07:24:28"
"data/raw_plants/Salvia/BYB_Recording_2022-12-12_13.12.56-events.txt","88","45a17e2e05261c8a435342356c076f71deb2419abefea7f84e2970200f53dfa7","2026-06-07 07:24:28"
"data/raw_plants/Salvia/BYB_Recording_2022-12-12_13.15.00.wav","806176","3bd1b7db42a032ad7628a2b0464c0e35d1502477405969b8a9448ff69e29bcbe","2026-06-07 07:24:28"
"data/raw_plants/Salvia/BYB_Recording_2022-12-12_13.15.00-events.txt","88","885840cf90185ff862b767bc8ad4a9db736e9701198bf713d0bef071cff85236","2026-06-07 07:24:28"
"data/raw_plants/Salvia/Rosemary Serbia/Rosemary Plant 1/BYB_Recording_2023-07-18_07.02.41.wav","800322","425737c3386ac102574269f406a19af0db0e7275d4031e231d4e0a817d201494","2026-06-07 07:24:28"
"data/raw_plants/Salvia/Rosemary Serbia/Rosemary Plant 1/BYB_Recording_2023-07-18_07.02.41-events.txt","90","ef4e26ff72d55eb71b8090c0ebf639800ca97f1f87bfc8327a7cfb85848c6b05","2026-06-07 07:24:28"
"data/raw_plants/Salvia/Rosemary Serbia/Rosemary Plant 1/BYB_Recording_2023-07-18_08.37.58.wav","1204440","1135f5fc81882b9c1575a5091a15682af8baf0474cf301ebf058a5e9b69854e1","2026-06-07 07:24:28"
"data/raw_plants/Salvia/Rosemary Serbia/Rosemary Plant 1/BYB_Recording_2023-07-18_08.37.58-events.txt","112","db245faaa79bf7b79bf2db5f20bfe878eb6ec89c1bd6a0e50cd3e37836dfa5a9","2026-06-07 07:24:28"
"data/raw_plants/Salvia/Rosemary Serbia/Rosemary Plant 1/BYB_Recording_2023-07-18_08.45.45.wav","1078762","4ae3bcf5c3120b4700287d5f929a17804c38d8e8ae9d75d60fcf02cf820ddc81","2026-06-07 07:24:28"
"data/raw_plants/Salvia/Rosemary Serbia/Rosemary Plant 1/BYB_Recording_2023-07-18_08.45.45-events.txt","89","e85b1f6bb5d278081d97f481eb72ef05fc45761f9818064091bf4e0567a2c389","2026-06-07 07:24:28"
"data/raw_plants/Salvia/Rosemary Serbia/Rosemary Plant 1/BYB_Recording_2023-07-18_08.49.19.wav","1279368","ddc0d702350b8a88cd7725279a298b00b247edc592141a54f24b837f03850f24","2026-06-07 07:24:28"
"data/raw_plants/Salvia/Rosemary Serbia/Rosemary Plant 1/BYB_Recording_2023-07-18_08.49.19-events.txt","90","424d7fd19a6169eb93ce78b65bfe74799ffe5bbfd8c5113be1fc4af4a6697cbe","2026-06-07 07:24:28"
"data/raw_plants/Salvia/Rosemary Serbia/Rosemary Plant 1/BYB_Recording_2023-07-18_08.54.19.wav","718892","9b585ce470a9983c4588a58ab3f39b2a3785216ee3a69e0ccc7c0613299834b0","2026-06-07 07:24:28"
"data/raw_plants/Salvia/Rosemary Serbia/Rosemary Plant 1/BYB_Recording_2023-07-18_08.54.19-events.txt","89","042c2bce267df3fc22d1d87b1c4f3e3becaf3c94ba683757efbe6f6234f6268c","2026-06-07 07:24:28"
"data/raw_plants/Salvia/Rosemary Serbia/Rosemary Plant 2/BYB_Recording_2023-07-18_09.01.28.wav","655848","de2ddb7ff13b528550856240a4743b552a43987805d4afe7f50f0c92abb19fd7","2026-06-07 07:24:28"
"data/raw_plants/Salvia/Rosemary Serbia/Rosemary Plant 2/BYB_Recording_2023-07-18_09.01.28-events.txt","89","9036e07e31e572543eac3b633d0270c3e9671b1c7a08a5b821f7b671342242ba","2026-06-07 07:24:28"
"data/raw_plants/Salvia/Rosemary Serbia/Rosemary Plant 2/BYB_Recording_2023-07-18_09.03.44.wav","847776","a502154c587a66b4beb3ffd51417af25c9a5c55fad6f15e49d5ac8564161a35c","2026-06-07 07:24:28"
"data/raw_plants/Salvia/Rosemary Serbia/Rosemary Plant 2/BYB_Recording_2023-07-18_09.03.44-events.txt","89","6a73ab306ef5d7b8c6924344ae4eb8971861babac174179b7b965c946ddd64fd","2026-06-07 07:24:28"
"data/raw_plants/Salvia/Rosemary Serbia/Rosemary Plant 2/BYB_Recording_2023-07-18_09.08.52.wav","177478","b0d67ee941d3dfdff144afffe5f5ed88c8091a6e384224a3a29c09563665a5a3","2026-06-07 07:24:28"
"data/raw_plants/Salvia/Rosemary Serbia/Rosemary Plant 2/BYB_Recording_2023-07-18_09.09.05.wav","640606","dfc7893f32d7136258acbb2c53b04731b5548b9e93a943d2a1fb2dee0b6d5e95","2026-06-07 07:24:28"
"data/raw_plants/Salvia/Rosemary Serbia/Rosemary Plant 2/BYB_Recording_2023-07-18_09.09.05-events.txt","89","c846eaa56698fc218231cc9771a18d5bbc4e00049f47b4c61b57024a0e90c502","2026-06-07 07:24:28"
"data/raw_plants/Salvia/Rosemary Serbia/Rosemary Plant 2/BYB_Recording_2023-07-18_09.09.44.wav","69008","093ecf9e8bdc9d83e1f260580ac07ab5e9a2c50c5bbc02874f0b3841ce636e70","2026-06-07 07:24:28"
"data/raw_plants/Salvia/Rosemary Serbia/Rosemary Plant 3/BYB_Recording_2023-07-19_10.10.21.wav","665670","579c4d2c4832a3f111f24c6459f714b17d70600f71565d491c15691fe0d2c8cc","2026-06-07 07:24:28"
"data/raw_plants/Salvia/Rosemary Serbia/Rosemary Plant 3/BYB_Recording_2023-07-19_10.10.21-events.txt","90","61997085372a2a21e1d4d7f6f602bca1d063ab236c08e4db0f589dec43796f86","2026-06-07 07:24:28"
"data/raw_plants/Salvia/Rosemary Serbia/Rosemary Plant 3/BYB_Recording_2023-07-19_10.15.19.wav","631478","c9b67e81b664ef00848da89a66fc1b6e7c7342e699e78af8268563ed6e68bbf5","2026-06-07 07:24:28"
"data/raw_plants/Salvia/Rosemary Serbia/Rosemary Plant 3/BYB_Recording_2023-07-19_10.15.19-events.txt","89","e3292acdc7b0f4e8a188c423988f7dc35568e4b61d63eb635c6377b3238a0ef5","2026-06-07 07:24:28"
"data/raw_plants/Salvia/Rosemary Serbia/Rosemary Plant 3/BYB_Recording_2023-07-19_10.17.30.wav","563930","228df7b4f1d236e33806c1e2f99964e1f1b6710ef5692617158689c400508318","2026-06-07 07:24:28"
"data/raw_plants/Salvia/Rosemary Serbia/Rosemary Plant 3/BYB_Recording_2023-07-19_10.17.30-events.txt","90","da30aaaec2df114a8eeff55b0934edc46dfeed6503757c43d4197c3980deae17","2026-06-07 07:24:28"
"data/raw_plants/Salvia/Rosemary Serbia/Rosemary Plant 3/BYB_Recording_2023-07-19_10.20.29.wav","509416","a3df292bfd7e3abedf693f6395ddd3295050a542a1a38e514cb9f3af554fa26e","2026-06-07 07:24:28"
"data/raw_plants/Salvia/Rosemary Serbia/Rosemary Plant 3/BYB_Recording_2023-07-19_10.20.29-events.txt","89","6a1e99997784e4e39623e13d33729b7f2b46961193005487cc476d068270c860","2026-06-07 07:24:28"
"data/raw_plants/Salvia/salvia danae/planta 1 13-02-23/BYB_Recording_2023-02-13_10.37.17.wav","864292","28e3e6aee7061f1fc7791346510d799242462c6ecaba1791e23d36df6b04916d","2026-06-07 07:24:28"
"data/raw_plants/Salvia/salvia danae/planta 1 13-02-23/BYB_Recording_2023-02-13_10.37.17-events.txt","88","badba92bf97d4caaa3bdb247e3283c763ed2ca06a46795da31c9e0f1c0482f91","2026-06-07 07:24:28"
"data/raw_plants/Salvia/salvia danae/planta 1 13-02-23/BYB_Recording_2023-02-13_10.39.13.wav","853498","e4791452b44d7b3bd7a5f5df048ff8ce403aac3cd5d8d0eb97da837d5da77e4b","2026-06-07 07:24:28"
"data/raw_plants/Salvia/salvia danae/planta 1 13-02-23/BYB_Recording_2023-02-13_10.39.13-events.txt","88","8465ade7fb57fccc76fba0932b39034a3eebeebe5271fc0a0082da92d86760c6","2026-06-07 07:24:28"
"data/raw_plants/Salvia/salvia danae/planta 1, 2 experimentos/BYB_Recording_2023-03-27_10.09.35.wav","824014","cf2b9484970bb652c5b7d5bd7e9284db18b18565ed0cf1cbd895e940642d9a34","2026-06-07 07:24:28"
"data/raw_plants/Salvia/salvia danae/planta 1, 2 experimentos/BYB_Recording_2023-03-27_10.09.35-events.txt","88","91d8516af4d7b8cda3c2027460e6411692e74306caf6914423ff9dcd21bb755c","2026-06-07 07:24:28"
"data/raw_plants/Salvia/salvia danae/planta 1, 2 experimentos/BYB_Recording_2023-03-27_10.13.15.wav","1323840","6d663e5ebec83a9b2a065978675cce09177a70a656370b7d11206f7f5e0795b4","2026-06-07 07:24:28"
"data/raw_plants/Salvia/salvia danae/planta 1, 2 experimentos/BYB_Recording_2023-03-27_10.13.15-events.txt","88","ae0b25d15d462ba89839f83d4e26e38cda3ca800bb2daaba7b46dcce92b324cb","2026-06-07 07:24:28"
"data/raw_plants/Salvia/salvia danae/planta 1, exp 1 y 2/BYB_Recording_2023-03-02_21.51.22.wav","866944","edd7d26af71b9f8727a11a23a509b6644dca7662ff002ebab5e0d295516b4ac3","2026-06-07 07:24:28"
"data/raw_plants/Salvia/salvia danae/planta 1, exp 1 y 2/BYB_Recording_2023-03-02_21.51.22-events.txt","88","e082aa2daefc3226decbee780387948be9b0a2c93d056d40f9c48ede32415903","2026-06-07 07:24:28"
"data/raw_plants/Salvia/salvia danae/planta 1, exp 1 y 2/exp 2/BYB_Recording_2023-03-02_21.52.36.wav","810162","01b81318032077b552a7bdf013794c69e45296ad8f2119cded3394d0f34072d9","2026-06-07 07:24:28"
"data/raw_plants/Salvia/salvia danae/planta 1, exp 1 y 2/exp 2/BYB_Recording_2023-03-02_21.52.36-events.txt","88","23c6a0526406ef2b325fdf3db230b782105e41f240398d2283b5537f8950443d","2026-06-07 07:24:28"
"data/raw_plants/Salvia/salvia danae/planta 2 13-02-23/BYB_Recording_2023-02-13_10.41.35.wav","971120","05b4c5f912df0a9aed8bc6f12cc39b7593704e0db1335e906c63421c2ea6d41f","2026-06-07 07:24:28"
"data/raw_plants/Salvia/salvia danae/planta 2 13-02-23/BYB_Recording_2023-02-13_10.41.35-events.txt","88","85babac7f804e558cd2a62b45d6573e91eaa273b9ae58971fdbc24bfafcabf10","2026-06-07 07:24:28"
"data/raw_plants/Salvia/salvia danae/planta 2 13-02-23/BYB_Recording_2023-02-13_10.43.01.wav","893354","486b83a4ef7cfd7c8c2b02860f2bf8358cff094275c042b6420c2afcc626fe79","2026-06-07 07:24:28"
"data/raw_plants/Salvia/salvia danae/planta 2 13-02-23/BYB_Recording_2023-02-13_10.43.01-events.txt","89","b3a3e4b23a9afb420a25d5871d654c0ca7e27671b96cbc165af5ee35dc361066","2026-06-07 07:24:28"
"data/raw_plants/Salvia/salvia danae/planta 2, 2 experimentos/BYB_Recording_2023-03-27_10.18.18.wav","813142","9f751853c3983032561c1172bcdfdac162cef74d8774d52bf262224fdd3429f0","2026-06-07 07:24:28"
"data/raw_plants/Salvia/salvia danae/planta 2, 2 experimentos/BYB_Recording_2023-03-27_10.18.18-events.txt","88","78bdc76453d28b270d051251812fbecd4535d16e63430915f2d1d4ed37162899","2026-06-07 07:24:28"
"data/raw_plants/Salvia/salvia danae/planta 2, 2 experimentos/BYB_Recording_2023-03-27_10.21.30.wav","873116","92048ff08ffe237181f180def84d97e0042e9b9f5b61b5ea050e2227ec58ecc7","2026-06-07 07:24:28"
"data/raw_plants/Salvia/salvia danae/planta 2, 2 experimentos/BYB_Recording_2023-03-27_10.21.30-events.txt","99","8bc9b9db61773892c68209d29df674f85f450afac7b7ac526ecf200ce158cb82","2026-06-07 07:24:28"
"data/raw_plants/Salvia/salvia danae/planta 2, exp 1 y 2/BYB_Recording_2023-03-02_21.55.07.wav","821440","46cd42081c0f18ec3b9943fa7748cc28f5ec0e26b082bef9dcc1c7b5e0fe13ca","2026-06-07 07:24:28"
"data/raw_plants/Salvia/salvia danae/planta 2, exp 1 y 2/BYB_Recording_2023-03-02_21.55.07-events.txt","88","f61670ff58bcbfb783bfad47d84902299ceadd89926dd10004ee1c279bf8c16b","2026-06-07 07:24:28"
"data/raw_plants/Salvia/salvia danae/planta 2, exp 1 y 2/exp 2/BYB_Recording_2023-03-02_21.56.18.wav","932988","bdf80020a155a35ae31ea7e3c44deb695903f130f3cbd7ba3b76be10934a8f12","2026-06-07 07:24:28"
"data/raw_plants/Salvia/salvia danae/planta 2, exp 1 y 2/exp 2/BYB_Recording_2023-03-02_21.56.18-events.txt","88","feb31f8212edcfe4b290f481889eb2142094fd912ac7720b4df79c6e0907d24f","2026-06-07 07:24:28"
"data/raw_plants/Solanum/Tomate Ann Arbor/Ann Arbor Solanum Stimulus Fire Distance 25mm BYB_Recording_2021-07-28_01.37.37.wav","635560","3630355c7e99a5ecd8908bc36a675fca0d9595fa637ae270fa718073a049ea71","2026-06-07 07:24:28"
"data/raw_plants/Solanum/Tomate Ann Arbor/Ann Arbor Solanum Stimulus Fire Distance 25mm BYB_Recording_2021-07-28_01.37.37-events.txt","77","0766c6bbd7672c2a4c47630688eaa8643a3119b38794d3d4744fc1bf123efd27","2026-06-07 07:24:28"
"data/raw_plants/Solanum/Tomate Ann Arbor/Ann Arbor Solanum_2 Stimulus Fire Distance 31mm BYB_Recording_2021-07-28_01.09.57.wav","457106","d2c9b5ffa3061c3b5ab3b2025db7d2eae66a318e431f18f27f606f2b71a888dc","2026-06-07 07:24:28"
"data/raw_plants/Solanum/Tomate Ann Arbor/Ann Arbor Solanum_2 Stimulus Fire Distance 31mm BYB_Recording_2021-07-28_01.09.57-events.txt","77","5023ef505ae160ea934df80a9a679f76ac9182411222dc96acb9fb92a06a0c9b","2026-06-07 07:24:28"
"data/raw_plants/Solanum/Tomate Colegio/BYB_Recording_2022-10-25_10.47.58.wav","609832","69d4485e8a5f9097e2598615a607af7fb45b8bc130ab6c549d3141d76c7ba616","2026-06-07 07:24:28"
"data/raw_plants/Solanum/Tomate Colegio/BYB_Recording_2022-10-25_10.47.58-events.txt","89","cb614b03f21eb5be8a888140b534c1a65d07984d4120e90909cd32ed42375e80","2026-06-07 07:24:28"
"data/raw_plants/Solanum/Tomate Colegio/BYB_Recording_2022-10-25_10.53.34.wav","464248","f8793e5855ec6a5634c88bc4b89477bab72029d1bde3a667f197ccc53afc7ea2","2026-06-07 07:24:28"
"data/raw_plants/Solanum/Tomate Colegio/BYB_Recording_2022-10-25_10.53.34-events.txt","88","1f65d033f992a9185a342aa7bb1194b16248ad8a802367e6563b517f7ec31f92","2026-06-07 07:24:28"
"data/raw_plants/Solanum/Tomate Colegio/BYB_Recording_2023-01-05_16.43.30.wav","815710","336b5fbff7bfb1df6c66ebe45e2fb9d2e5330e283e2e708128f04de6e5736f54","2026-06-07 07:24:28"
"data/raw_plants/Solanum/Tomate Colegio/BYB_Recording_2023-01-05_16.43.30-events.txt","88","c842bec323a44eefdff89995f8ef90adbd88ca3746416a21f21dc2a16f1d60c9","2026-06-07 07:24:28"
"data/raw_plants/Solanum/Tomate Colegio/BYB_Recording_2023-01-05_16.48.06.wav","810644","ec35f0b1a578a190517c73220a739ca8a49132e6274e4305586e7fa205135511","2026-06-07 07:24:28"
"data/raw_plants/Solanum/Tomate Colegio/BYB_Recording_2023-01-05_16.48.06-events.txt","88","8bc33616287fdc54f0af8107665ea695ffe8310fe0dc68127eaa43934e1dec4b","2026-06-07 07:24:28"
"data/raw_plants/Solanum/Tomate Colegio/Ground Stem/BYB_Recording_2022-10-25_11.00.15.wav","560334","c06876bb9a9cbcd74be785937dc12825f44a0329400b7f17c80946bd9722e0ad","2026-06-07 07:24:28"
"data/raw_plants/Solanum/Tomate Colegio/Ground Stem/BYB_Recording_2022-10-25_11.00.15-events.txt","89","286b581541f8144d8e35611e6f8df0bb140d75bd90c5d2d2b9b0246d54ffa21f","2026-06-07 07:24:28"
"data/raw_plants/Solanum/Tomate Colegio/Ground Stem/BYB_Recording_2022-10-25_11.02.54.wav","332500","3314379d4cd690e9e904cc05ef2532837f3ec0fda46244eb47b927739c2b417f","2026-06-07 07:24:28"
"data/raw_plants/Solanum/Tomate Colegio/Ground Stem/BYB_Recording_2022-10-25_11.02.54-events.txt","88","8ed8e0831c187e126a75cd5c57b31f10b1db73b4c7a80b2d045c96e8a6fae3cc","2026-06-07 07:24:28"
"data/raw_plants/Solanum/tomate danae/BYB_Recording_2023-02-06_22.34.39.wav","869598","b98875cdc48c84dc19cffd8513559b9254d5d5277656c2c3430bc0c7115bd71c","2026-06-07 07:24:28"
"data/raw_plants/Solanum/tomate danae/BYB_Recording_2023-02-06_22.34.39-events.txt","88","6aa9faa758a16276b4cf6bd5e4f9a9ea6ef31e83a7ac6fa9aecc8f70cea960a4","2026-06-07 07:24:28"
"data/raw_plants/Solanum/tomate danae/BYB_Recording_2023-02-06_22.36.10.wav","846262","eb14ee80da8b31ad981206e038edaf2878918783d25e230322f371d51c9b9ea5","2026-06-07 07:24:28"
"data/raw_plants/Solanum/tomate danae/BYB_Recording_2023-02-06_22.36.10-events.txt","88","d34bc9c575de43c87e1023d29a9b24668d79d4392a89bbbf4baada4ffacf6b51","2026-06-07 07:24:28"
"data/raw_plants/Solanum/Tomato Serbia/Tomato 1/BYB_Recording_2023-07-17_05.18.11.wav","1515702","be0aaff4b52a875a30e06f3ca6fdbb7ffbc9b90969241e5dfbb44a97fdeaf01c","2026-06-07 07:24:28"
"data/raw_plants/Solanum/Tomato Serbia/Tomato 1/BYB_Recording_2023-07-17_05.18.11-events.txt","90","694d8bac5d8efd167a77e5ac2a393c60dcc8c40bfe8246f4fa464994e620d231","2026-06-07 07:24:28"
"data/raw_plants/Solanum/Tomato Serbia/Tomato 1/BYB_Recording_2023-07-17_05.24.35.wav","1595304","686f8eae70f55b25a65540507899555be419fac4b23628380eecf67a149cbfd0","2026-06-07 07:24:28"
"data/raw_plants/Solanum/Tomato Serbia/Tomato 1/BYB_Recording_2023-07-17_05.24.35-events.txt","78","410f05c3b9cf2151cbd6725a8ae0efa3f0f40686afbf37eab6c39d630779d770","2026-06-07 07:24:28"
"data/raw_plants/Solanum/Tomato Serbia/Tomato 1/BYB_Recording_2023-07-17_05.28.30.wav","955098","3835019b49e284a41847ff5d849b02d7980b7eb9fc4a37d063ea9247614839bc","2026-06-07 07:24:28"
"data/raw_plants/Solanum/Tomato Serbia/Tomato 1/BYB_Recording_2023-07-17_05.28.30-events.txt","89","a15013b30c7acabf24ec51c42fa1325bf376696796626aa8598219944f49826b","2026-06-07 07:24:28"
"data/raw_plants/Solanum/Tomato Serbia/Tomato 1/BYB_Recording_2023-07-17_05.31.19.wav","1136692","b86b8df53e1946bf98c752dbc23512272f8184a6d87d535d67bf0e8f8503a51d","2026-06-07 07:24:28"
"data/raw_plants/Solanum/Tomato Serbia/Tomato 1/BYB_Recording_2023-07-17_05.31.19-events.txt","89","53a39c8f9366470cbaccc4ae28814b2078e1747b4ae89c8f26768418e76853cb","2026-06-07 07:24:28"
"data/raw_plants/Solanum/Tomato Serbia/Tomato 2/BYB_Recording_2023-07-17_05.46.12.wav","780554","bd83f9c3ce2e4d9a07d13e81d3132e04cab51a5dba6c241fa4a30002186d2e1e","2026-06-07 07:24:28"
"data/raw_plants/Solanum/Tomato Serbia/Tomato 2/BYB_Recording_2023-07-17_05.46.12-events.txt","89","2b5340020dd95d848490f5c79bd6239c8add0454b0c30bf62db30d17bc65d8d8","2026-06-07 07:24:28"
"data/raw_plants/Solanum/Tomato Serbia/Tomato 2/BYB_Recording_2023-07-17_05.50.14.wav","804642","c2e72b917f5b5eb0f4729fd2a1d2d4b9bb8bd5c76fa17d91f70fe8b04941beff","2026-06-07 07:24:28"
"data/raw_plants/Solanum/Tomato Serbia/Tomato 2/BYB_Recording_2023-07-17_05.50.14-events.txt","88","45dc1d0f4a6691393774833c4d3ac64ab522d7258395986cd7e823cdc5028cbc","2026-06-07 07:24:28"
"data/raw_plants/Solanum/Tomato Serbia/Tomato 2/BYB_Recording_2023-07-17_05.52.46.wav","608936","fc4134c0b6433bfd4065062aa3d163312eacb2ce09193379ca580ae3c1d58ee4","2026-06-07 07:24:28"
"data/raw_plants/Solanum/Tomato Serbia/Tomato 2/BYB_Recording_2023-07-17_05.52.46-events.txt","89","abb13cf79cb8859913ea29d97fd712527cb2c02fc716289262b94bcd42aa992e","2026-06-07 07:24:28"
"data/raw_plants/Solanum/Tomato Serbia/Tomato 3/BYB_Recording_2023-07-21_15.54.10.wav","579492","b07d245a8fe68fc2df9695a8ed69171ef91fcd130b4d5e3ef6c209da857c0f7c","2026-06-07 07:24:28"
"data/raw_plants/Solanum/Tomato Serbia/Tomato 3/BYB_Recording_2023-07-21_15.57.19.wav","497968","99348df64f1cc62af551fd6ae0a7fff9b618a837b21ec26b9de6acdfa182b9d4","2026-06-07 07:24:28"
"data/raw_plants/Solanum/Tomato Serbia/Tomato 3/BYB_Recording_2023-07-21_15.57.19-events.txt","88","f81eba5dbc4a8ee08bd7935f57016719dcd1c0bc8adde29a967df3861748250f","2026-06-07 07:24:28"
"data/raw_plants/Solanum/Tomato Serbia/Tomato 3/BYB_Recording_2023-07-21_15.59.03.wav","459816","97a915f02c3f1fafc872afc19097403f1369da45c4181e815d416e47f67c98a8","2026-06-07 07:24:28"
"data/raw_plants/Solanum/Tomato Serbia/Tomato 3/BYB_Recording_2023-07-21_15.59.03-events.txt","88","7adb991913904dfe6f571bcf29a83c154fe48b6b390301d49f6a6e34d7611da0","2026-06-07 07:24:28"
"data/raw_plants/Solanum/Tomato Serbia/Tomato 3/BYB_Recording_2023-07-21_16.01.34.wav","557626","a9ec5ce693707a138a9789e50fd8c25e2dd694e62a0d4580523363fce62f6dea","2026-06-07 07:24:28"
"data/raw_plants/Solanum/Tomato Serbia/Tomato 3/BYB_Recording_2023-07-21_16.01.34-events.txt","89","8e379cdefe1f9d889794b13501e569b8ecd25cfb2e1d235196af903332c1c829","2026-06-07 07:24:28"
"data/raw_plants/Trifolium/BYB_Recording_2023-07-19_10.50.28.wav","429002","c77acd4bf4b8ae245ed18e7470e6cb7b0d75abf450bc5dde067adc89dc82d406","2026-06-07 07:24:28"
"data/raw_plants/Trifolium/BYB_Recording_2023-07-19_10.50.28-events.txt","88","86785178216c6c0d507f50131af9368731485c5e7eb41411f89fd9b89e2df789","2026-06-07 07:24:28"
"docs/LICENSE_original_CC_BY_4.0.txt","361","4f4b4408ba2f9def4431cd792dce1a0042072ac29dd00100887853fdd2a615e3","2026-06-07 07:42:13"
"docs/source_attribution.txt","646","acacdb34a2d771794d6665d6c7f3150c8c23d06b186ce893c1a4e69b10fc339c","2026-06-07 07:42:13"
"manifests/dataset_provenance.json","1102","511d9fb9327505f7ef844dc5f76315718b4b868dee600fc45bab24530d7a6e62","2026-06-07 07:42:13"
"manifests/species_index.csv","618","cda316ac8f18b104cde4c70e2813e466c7392967a764d350a6bd4282ffd88a4d","2026-06-07 07:42:14"
"README_dataset.md","2173","0bfb69aa4045c3fa05be5b3851ede3a2e3759a95681d05d2015c33c20655fef3","2026-06-07 07:42:13"
"TAMC_PLANTAS_DATASET_MARKER.json","573","ef7170eb154c8a229fdf1aabe6753e8448db6aa133a4750f3b04c0aad6a87a7b","2026-06-07 07:48:15"
